group,nonsusp_beta,nonsusp_se,susp_beta,susp_se,full_beta,full_se
unemployment,-0.1249392,0.0201012,-0.0491649,0.0233663,-0.0961677,0.0154394
inflation ,-0.0913058,0.0208671,-0.012527,0.0259369,-0.0603604,0.0162842