group,nonsusp_beta,nonsusp_se,susp_beta,susp_se,full_beta,full_se
unemployment,-0.1278263,0.0205289,-0.051503,0.0229466,-0.0961677,0.0154394
inflation ,-0.092422,213659,-0.0167568,0.0250671,-0.0603604,0.0162842