"row_id","ip_group","consent","finished","age","gender","pid3_raw","pid_dem","pid_rep","pid_ind","pol_interest","ft_dems","ft_reps","unemployment_r","unemployment_d","inflation_r","inflation_d","sleep","prosthetic","vision","hearing","gang","family_gang","hits","sincerity","education","race_1","race_2","race_3","race_4","race_5","race_6","pre_economy","pre_unemployment","pre_inflation","cue_d","funny_ip","duplicated","foreign_ip","blacklisted"
1,1,1,1,4,1,1,1,,,10,5,0,2,,2,,4,2,2,2,2,2,4,1,5,1,0,0,0,0,0,5,5,5,0,0,0,0,0
2,2,1,1,1,2,,,,,,,,,,,,,,,,,,,,,,,,,,,,,,,0,0,0,0
3,3,1,1,4,1,2,,1,,5,5,5,2,,2,,2,2,1,1,2,2,1,3,8,1,0,0,0,0,0,4,4,4,0,0,0,0,0
4,4,1,1,6,1,1,1,,,10,10,0,1,,1,,3,2,2,2,2,2,4,1,3,1,0,0,0,0,0,1,1,1,0,0,0,0,0
5,5,1,1,4,2,1,2,,,6,5,5,,2,,2,3,2,2,2,2,2,4,1,8,1,0,0,0,0,0,4,4,4,1,0,0,0,0
6,6,1,1,4,2,3,,,2,3,7,4,,1,,1,3,2,2,1,2,2,2,1,5,1,0,0,0,0,0,5,5,4,1,0,0,0,0
7,7,1,1,5,1,2,,1,,7,2,3,2,,1,,3,1,2,2,2,2,1,4,5,1,0,0,0,0,0,1,4,5,0,0,0,0,0
8,8,1,1,4,2,1,1,,,9,9,2,2,,2,,3,2,2,2,2,2,4,2,3,1,0,0,0,0,0,4,4,4,0,0,0,0,0
9,9,1,1,3,2,2,,1,,7,5,5,2,,1,,3,2,2,2,2,2,2,1,4,1,0,0,0,0,0,1,4,4,0,0,0,0,0
10,10,1,1,3,1,2,,1,,9,2,9,2,,2,,3,2,2,2,2,2,4,1,3,1,0,0,0,0,0,1,1,1,0,0,0,0,0
11,11,1,1,5,2,1,1,,,3,1,7,,2,,2,2,2,2,2,2,2,2,1,5,1,0,0,0,0,0,4,1,1,1,0,0,0,0
12,12,1,1,3,2,1,1,,,10,2,0,,2,,2,3,2,2,2,2,2,4,2,5,1,0,0,0,0,0,5,5,5,1,0,0,0,0
13,13,1,1,3,2,3,,,2,7,2,0,2,,2,,3,2,2,2,2,2,4,1,6,1,0,0,0,0,0,4,4,4,0,0,0,0,0
14,14,1,1,6,1,2,,1,,8,7,8,,2,,1,3,1,1,1,1,1,4,3,5,1,0,0,0,0,0,4,5,4,1,0,0,0,0
15,15,1,1,3,2,1,1,,,10,6,2,2,,2,,3,2,2,2,2,2,4,1,5,1,0,0,0,0,0,4,4,4,0,0,0,0,0
16,16,1,1,4,1,1,2,,,7,7,3,,2,,2,3,2,2,2,2,2,4,1,5,1,0,0,0,0,0,1,1,4,1,0,0,0,0
17,17,1,1,3,2,1,2,,,7,8,4,3,,3,,3,2,2,1,2,2,4,1,5,1,0,0,0,0,0,5,5,5,0,0,0,0,0
18,18,1,1,7,1,2,,1,,1,0,10,2,,1,,3,2,2,2,2,2,4,1,5,1,0,0,0,0,0,1,4,1,0,0,0,0,0
19,19,1,1,5,1,1,2,,,0,2,0,,1,,1,3,2,2,2,2,2,4,1,2,1,0,0,0,0,0,1,1,4,1,0,0,0,0
20,20,1,1,3,2,2,,2,,1,2,6,,2,,2,3,2,2,2,2,2,4,1,4,1,0,0,0,0,0,5,4,4,1,0,0,0,0
21,21,1,1,5,2,1,2,,,1,6,5,2,,2,,3,2,2,2,2,2,3,1,6,1,0,0,0,0,0,1,4,4,0,0,0,0,0
22,22,1,1,3,1,2,,1,,9,5,2,,1,,1,3,1,1,1,1,1,3,2,5,1,0,0,0,0,0,4,5,4,1,0,0,0,0
23,23,1,1,4,2,1,2,,,3,8,3,2,,2,,3,2,2,2,2,2,4,1,6,1,0,0,0,0,0,5,5,5,0,0,0,0,0
24,24,1,1,3,1,1,1,,,8,9,7,,1,,1,3,1,1,1,1,1,2,3,5,1,0,0,0,0,0,1,1,1,1,0,0,0,0
25,25,1,1,3,2,1,1,,,8,8,2,1,,2,,4,2,2,2,2,2,2,2,5,1,0,0,0,0,0,4,1,4,0,0,0,0,0
26,26,1,1,4,1,2,,1,,10,5,9,2,,2,,3,1,1,1,1,1,2,3,5,1,1,1,1,1,1,4,5,4,0,0,0,0,0
27,27,1,1,3,1,3,,,3,5,5,5,2,,2,,4,2,2,2,2,2,4,1,2,1,0,0,0,0,0,4,4,4,0,0,0,0,0
28,28,1,1,4,2,1,1,,,9,9,0,1,,1,,2,2,2,2,2,2,4,1,6,1,0,0,0,0,0,4,4,4,0,0,0,0,0
29,29,1,1,3,2,2,,2,,1,2,5,1,,1,,3,2,2,2,2,2,4,1,6,0,0,0,1,0,0,1,1,5,0,0,0,0,0
30,30,1,1,4,1,3,,,3,4,0,2,1,,1,,3,2,2,2,2,2,4,1,2,1,0,0,0,0,0,1,1,1,0,0,0,0,0
31,31,1,1,6,2,2,,1,,10,0,4,,2,,2,3,2,2,2,2,2,4,1,5,1,0,0,0,0,0,1,1,1,1,0,0,0,0
32,32,1,1,3,2,1,2,,,7,8,4,,1,,1,2,2,2,2,2,2,4,1,5,0,0,0,1,0,0,1,1,4,1,0,0,0,0
33,33,1,1,2,2,3,,,2,8,7,4,1,,1,,3,2,2,2,2,2,1,5,3,1,0,0,0,0,0,5,5,4,0,0,0,0,0
34,34,1,1,4,1,1,1,,,8,9,1,,1,,1,3,2,2,2,2,2,4,5,5,1,0,0,0,0,0,4,4,4,1,0,0,0,0
35,35,1,1,2,1,1,1,,,7,7,4,1,,1,,2,1,2,2,1,2,1,2,3,1,0,0,0,0,0,4,1,5,0,0,0,0,0
36,36,1,1,3,1,,,,,,,,,,,,,,,,,,,,,,,,,,,,,,,0,0,0,0
37,37,1,1,5,1,1,2,,,7,8,1,2,,2,,3,2,2,2,2,2,4,1,5,1,0,0,0,0,0,1,1,5,0,0,0,0,0
38,38,1,1,4,1,3,,,3,8,0,0,,1,,3,4,2,2,2,2,2,4,1,6,1,0,0,0,0,0,4,4,4,1,0,0,0,0
39,39,1,1,3,1,1,1,,,9,10,8,1,,2,,3,1,1,1,1,1,1,4,5,1,0,0,0,0,0,1,4,5,0,0,0,0,0
40,40,1,1,6,2,2,,1,,0,2,7,,2,,1,4,2,2,2,2,2,4,1,5,1,0,0,0,0,0,1,1,1,1,0,0,0,0
41,41,1,1,3,2,1,1,,,8,9,2,,2,,2,3,2,2,2,2,2,3,1,6,1,0,0,0,0,0,4,1,4,1,0,0,0,0
42,42,1,1,2,2,3,,,2,2,5,0,2,,1,,4,2,2,2,2,2,4,1,5,1,0,0,0,0,0,5,5,5,0,0,0,0,0
43,43,1,1,3,1,3,,,1,8,3,3,2,,2,,2,2,2,2,2,2,4,1,5,1,0,0,0,0,0,1,1,4,0,0,0,0,0
44,44,1,1,2,1,2,,2,,7,3,8,1,,1,,4,2,2,2,2,2,3,1,3,1,0,0,0,0,0,1,1,4,0,0,0,0,0
45,45,1,1,4,1,1,1,,,7,3,9,2,,2,,3,1,1,2,2,1,2,2,5,1,0,0,0,0,0,5,4,4,0,0,0,0,0
46,46,1,1,3,2,1,1,,,9,10,7,,2,,1,3,1,2,2,2,2,2,5,5,1,0,0,0,0,0,1,4,4,1,0,0,0,0
47,47,1,1,4,2,1,1,,,9,9,0,2,,2,,3,2,2,2,2,2,4,1,5,1,0,0,0,0,0,4,4,4,0,0,0,0,0
48,48,1,1,4,1,3,,,3,3,5,5,,2,,2,3,2,2,2,2,2,4,1,5,1,0,0,0,0,0,4,4,4,1,0,0,0,0
49,49,1,1,5,2,1,1,,,8,9,0,2,,2,,3,2,2,2,2,2,3,1,6,1,0,0,0,0,0,1,1,5,0,0,0,0,0
50,50,1,1,4,1,2,,1,,8,9,10,,1,,1,3,1,1,1,1,1,1,2,5,1,0,0,0,0,0,1,1,1,1,0,0,0,0
51,51,1,1,6,2,2,,2,,7,2,7,1,,1,,3,2,2,2,2,2,4,1,5,1,0,0,0,0,0,1,1,4,0,0,0,0,0
52,52,1,1,7,2,1,2,,,7,8,5,1,,1,,3,2,2,2,2,2,4,1,5,1,0,0,0,0,0,1,1,4,0,0,0,0,0
53,53,1,1,6,2,2,,2,,9,5,8,,2,,2,3,2,2,2,2,2,4,1,6,1,0,0,0,0,0,1,1,1,1,0,0,0,0
54,54,1,1,5,1,3,,,3,8,0,1,1,,1,,3,2,2,2,2,2,4,1,3,1,0,0,0,0,0,1,1,4,0,0,0,0,0
55,55,1,1,2,1,2,,2,,3,3,5,1,,1,,3,2,2,2,2,2,4,1,5,1,0,0,0,0,0,1,1,4,0,0,0,0,0
56,56,1,1,5,1,3,,,1,8,2,6,1,,1,,4,2,2,2,2,2,4,1,5,1,0,0,0,0,0,1,1,4,0,0,0,0,0
57,57,1,1,3,2,3,,,3,5,5,2,,2,,2,2,2,2,2,2,2,4,1,4,1,0,0,0,0,0,4,1,4,1,0,0,0,0
58,58,1,1,3,1,2,,1,,9,2,7,,2,,2,3,2,2,2,2,2,4,1,5,1,0,0,0,0,0,1,1,1,1,0,0,0,0
59,59,1,1,4,2,1,1,,,7,7,1,,1,,1,3,2,2,2,2,2,4,2,5,0,0,0,1,0,0,5,5,5,1,0,0,0,0
60,60,1,1,3,1,1,1,,,9,7,9,,1,,1,2,1,1,1,1,1,2,4,6,1,0,0,0,0,0,4,1,4,1,0,0,0,0
61,61,1,1,3,1,3,,,2,6,3,1,,1,,1,4,2,2,2,2,2,3,1,3,1,0,0,0,0,0,4,4,4,1,0,0,0,0
62,62,1,1,4,1,4,,,1,7,0,3,2,,2,,3,2,2,2,2,2,4,1,2,1,0,0,0,0,0,4,4,5,0,0,0,0,0
63,63,1,1,3,1,2,,1,,6,8,9,,1,,2,3,1,1,1,1,1,1,2,5,0,1,0,0,0,0,4,5,4,1,0,0,0,0
64,64,1,1,7,1,1,2,,,9,6,0,,1,,1,3,2,2,2,2,2,4,1,5,1,0,0,0,0,0,1,1,4,1,0,0,0,0
65,65,1,1,2,2,1,2,,,8,4,1,,1,,1,3,2,2,2,2,2,4,1,3,1,0,0,0,0,0,1,4,4,1,0,0,0,0
66,66,1,1,6,1,2,,1,,9,0,10,,2,,2,3,2,2,2,2,2,4,1,2,1,0,0,0,0,0,1,1,4,1,0,0,0,0
67,67,1,1,3,1,1,1,,,8,4,6,,2,,1,2,1,2,1,1,2,2,2,5,1,0,0,0,0,0,1,4,5,1,1,0,1,0
68,68,1,1,5,1,1,1,,,9,7,8,,1,,2,3,1,1,1,1,1,1,3,5,1,0,0,0,0,0,4,1,4,1,0,0,0,0
69,69,1,1,2,2,3,,,3,7,1,1,2,,2,,4,2,2,2,2,2,4,1,3,1,0,0,0,0,0,5,5,4,0,0,0,0,0
70,70,1,1,3,1,1,2,,,7,8,2,,1,,1,3,2,2,2,2,2,2,1,5,1,0,0,0,0,0,4,4,4,1,0,0,0,0
71,71,1,1,2,1,1,2,,,5,4,2,1,,1,,3,2,2,2,2,2,1,1,3,1,0,0,0,0,0,5,5,4,0,0,0,0,0
72,72,1,1,3,1,2,,1,,8,8,8,1,,1,,2,1,1,1,1,1,2,2,6,0,1,0,0,0,0,5,4,5,0,0,0,0,0
73,73,1,1,3,1,3,,,1,9,2,4,,1,,1,3,2,2,2,2,2,4,1,5,1,0,0,0,0,0,1,1,4,1,0,0,0,0
74,74,1,1,5,2,2,,1,,1,3,3,,2,,2,3,2,2,2,2,2,4,1,2,1,0,0,0,0,0,1,1,4,1,0,0,0,0
75,75,1,1,3,2,1,1,,,8,9,6,1,,1,,3,1,2,2,1,1,1,3,6,1,0,0,0,0,0,1,1,1,0,1,1,0,0
76,76,1,1,3,1,2,,2,,7,2,3,,3,,2,3,2,1,2,2,2,2,5,6,0,1,0,0,0,0,4,5,4,1,0,0,0,0
77,77,1,1,3,2,1,1,,,8,7,9,,2,,2,3,2,2,2,2,2,4,3,6,0,0,1,0,0,0,4,4,1,1,0,0,0,0
78,78,1,1,3,1,2,,2,,8,7,3,1,,1,,3,2,2,2,2,2,4,1,6,1,0,0,0,0,0,1,1,5,0,0,0,0,0
79,79,1,1,3,2,2,,1,,9,9,10,1,,1,,1,1,1,1,1,1,4,5,2,0,1,0,0,0,0,1,4,1,0,0,0,0,0
80,80,1,1,2,1,3,,,2,4,7,4,,1,,1,3,2,2,2,2,2,2,1,5,1,0,0,0,0,0,5,5,4,1,0,0,0,0
81,81,1,1,6,2,1,2,,,3,6,4,1,,1,,3,2,2,2,2,2,4,1,3,1,0,0,0,0,0,4,1,4,0,0,0,0,0
82,82,1,1,5,2,1,2,,,9,6,0,,1,,1,3,2,2,2,2,2,4,1,2,1,0,0,0,0,0,5,5,5,1,0,0,0,0
83,83,1,1,4,2,2,,1,,6,3,8,1,,1,,3,2,2,2,2,2,4,1,6,1,0,0,0,0,0,1,1,1,0,0,0,0,0
84,84,1,1,3,2,1,1,,,7,7,8,,2,,2,4,1,2,2,2,2,1,3,5,1,0,0,0,0,0,4,5,4,1,0,0,0,0
85,85,1,1,5,1,1,1,,,7,9,3,,1,,2,4,2,2,2,2,2,2,1,5,1,0,0,0,0,0,1,4,1,1,0,0,0,0
86,86,1,1,6,1,3,,,3,6,0,0,,2,,2,3,2,2,2,2,2,4,2,4,1,0,0,0,0,0,5,5,4,1,0,0,0,0
87,87,1,1,4,2,1,1,,,8,10,5,,1,,1,3,2,1,2,2,2,2,3,6,1,0,0,0,0,0,4,5,4,1,0,0,0,0
88,88,1,1,4,2,2,,2,,5,3,5,,1,,1,3,2,2,2,2,2,4,1,6,1,0,0,0,0,0,1,4,5,1,0,0,0,0
89,89,1,1,4,1,1,2,,,8,3,1,,2,,2,3,2,2,2,2,2,4,1,3,1,0,0,0,0,0,1,1,4,1,0,0,0,0
90,90,1,1,3,1,2,,2,,5,4,4,2,,2,,3,2,2,2,2,2,2,1,5,1,0,0,0,0,0,1,1,5,0,0,0,0,0
91,91,1,1,3,2,3,,,3,4,2,2,,2,,2,3,2,2,2,2,2,4,1,4,1,0,0,0,0,0,4,4,4,1,0,0,0,0
92,92,1,1,3,1,1,1,,,8,7,5,,1,,2,4,1,1,1,1,1,1,3,6,1,0,0,0,0,0,4,1,4,1,0,0,0,0
93,93,1,1,5,2,2,,2,,7,2,8,,2,,2,3,2,2,2,2,2,4,2,3,1,0,0,0,0,0,1,1,4,1,0,0,0,0
94,94,1,1,6,1,2,,1,,7,0,8,1,,1,,4,2,2,2,2,2,4,1,3,1,0,0,0,0,0,1,1,1,0,0,0,0,0
95,95,1,1,4,1,1,2,,,6,8,3,,1,,1,3,2,2,2,2,2,1,5,5,1,0,0,0,0,0,5,5,5,1,0,0,0,0
96,96,1,1,2,2,1,1,,,9,9,1,3,,2,,2,2,1,2,2,2,2,1,3,1,0,0,0,0,0,5,5,5,0,0,0,0,0
97,97,1,1,3,2,2,,2,,6,4,8,,1,,1,3,2,2,2,2,2,1,1,4,1,0,0,0,0,0,4,5,5,1,0,0,0,0
98,98,1,1,4,1,1,1,,,6,8,9,,1,,2,2,2,2,2,1,1,2,2,5,1,0,0,0,0,0,4,1,5,1,0,0,0,0
99,99,1,1,4,2,2,,1,,7,4,7,,2,,2,3,1,2,2,2,1,1,3,5,1,0,0,0,0,0,1,1,1,1,0,0,0,0
100,100,1,1,6,2,1,2,,,7,8,2,2,,2,,3,2,2,2,2,2,4,1,4,1,0,0,0,0,0,4,4,4,0,0,0,0,0
101,101,1,1,6,1,2,,1,,8,2,4,,2,,2,2,2,1,2,2,2,4,1,5,1,0,0,0,0,0,1,1,4,1,0,0,0,0
102,102,1,1,3,1,1,1,,,7,7,7,1,,2,,3,2,2,2,2,2,3,3,6,1,0,0,0,0,0,4,1,4,0,0,0,0,0
103,103,1,1,2,2,1,2,,,8,7,1,1,,1,,2,2,2,2,2,2,2,2,3,0,0,0,1,0,0,4,4,4,0,0,0,0,0
104,104,1,1,3,1,1,1,,,6,8,8,1,,1,,3,1,1,1,1,1,2,2,6,1,0,0,0,0,0,1,4,5,0,0,0,0,0
105,105,1,1,4,2,1,1,,,10,10,9,,1,,2,2,1,1,1,1,1,3,3,6,0,1,0,0,0,0,4,4,4,1,0,0,0,0
106,106,1,1,3,2,1,1,,,7,7,3,2,,2,,3,2,2,2,2,2,4,1,6,1,0,0,0,0,0,1,1,5,0,0,0,0,0
107,107,1,1,2,1,3,,,2,6,4,1,2,,1,,4,2,2,2,2,2,3,1,5,1,0,0,0,0,0,5,5,4,0,0,0,0,0
108,108,1,1,6,2,2,,1,,7,1,6,1,,1,,3,2,2,2,2,2,4,1,6,1,0,0,0,0,0,4,5,5,0,0,0,0,0
109,109,1,1,3,1,2,,1,,9,8,8,1,,2,,3,2,2,2,2,2,1,3,5,0,1,0,0,0,0,1,4,1,0,0,0,0,0
110,110,1,1,4,2,3,,,2,5,5,5,2,,2,,2,2,2,2,2,2,4,1,5,1,0,0,0,0,0,1,1,4,0,0,0,0,0
111,111,1,1,3,1,1,2,,,9,9,2,2,,1,,2,2,2,2,2,2,4,2,6,0,0,0,1,0,0,1,1,1,0,0,0,0,0
112,112,1,1,2,2,1,2,,,7,4,2,,2,,1,4,2,2,2,2,2,3,1,5,1,0,0,1,0,0,1,1,4,1,0,0,0,0
113,113,1,1,3,1,1,1,,,8,10,2,,1,,1,3,2,2,2,2,2,4,1,5,1,0,0,0,0,0,5,5,5,1,0,0,0,0
114,114,1,1,4,2,1,1,,,8,9,4,,2,,3,4,2,1,1,1,1,2,5,5,0,1,0,0,0,0,1,5,5,1,0,0,0,0
115,115,1,1,5,2,2,,2,,5,0,6,,2,,2,3,2,2,2,2,2,4,1,3,1,0,0,0,0,0,1,1,1,1,0,0,0,0
116,116,1,1,3,1,2,,1,,6,1,9,3,,2,,2,2,2,2,2,2,4,1,2,1,0,0,0,0,0,5,4,5,0,0,0,0,0
117,117,1,1,4,2,1,2,,,7,7,0,,2,,2,3,2,1,2,2,2,4,1,3,1,0,0,0,0,0,5,5,5,1,0,0,0,0
118,118,1,1,3,1,1,1,,,3,9,0,,1,,1,3,2,2,2,2,2,2,2,3,1,0,0,0,0,0,5,5,5,1,0,0,0,0
119,119,1,1,5,1,3,,,2,8,7,0,2,,1,,2,2,2,2,2,2,4,1,4,1,0,0,0,0,0,4,4,5,0,0,0,0,0
120,120,1,1,3,2,1,1,,,7,8,6,2,,2,,3,2,2,2,2,2,2,1,5,0,0,0,1,0,0,4,4,4,0,0,0,0,0
121,121,1,1,4,2,2,,1,,8,9,9,1,,2,,3,2,2,2,2,2,4,3,5,1,1,1,1,1,0,1,1,1,0,0,0,0,0
122,122,1,1,3,1,2,,1,,10,7,7,1,,1,,3,1,1,1,1,2,4,4,6,0,1,0,0,0,0,5,4,4,0,0,0,0,0
123,123,1,1,3,1,1,1,,,8,10,2,,1,,1,3,2,2,2,2,2,3,1,5,0,0,0,1,0,0,5,5,4,1,0,0,0,0
124,124,1,1,5,4,3,,,2,6,6,0,1,,2,,4,2,2,2,,,1,1,,,,,,,,1,1,5,0,0,0,0,0
125,125,1,1,4,2,1,1,,,6,9,2,,1,,2,3,2,2,2,2,2,3,1,5,1,0,0,0,0,0,1,4,4,1,0,0,0,0
126,126,1,1,3,2,3,,,2,6,0,0,2,,2,,3,2,1,2,2,2,4,1,5,1,0,0,0,0,0,1,1,4,0,0,0,0,0
127,127,1,1,3,2,3,,,2,7,7,2,2,,2,,3,2,2,2,2,2,2,2,5,0,0,0,1,0,0,1,1,1,0,0,0,0,0
128,128,1,1,4,2,1,1,,,8,8,9,,1,,2,2,1,1,1,1,1,2,3,6,1,0,0,0,0,0,4,4,1,1,0,0,0,0
129,129,1,1,5,1,2,,1,,10,10,8,1,,1,,3,1,1,1,1,1,2,2,5,0,1,0,0,0,0,4,5,5,0,0,0,0,0
130,130,1,1,3,1,1,1,,,8,10,0,,1,,1,3,2,2,2,2,2,4,1,5,0,1,0,0,0,0,4,5,5,1,1,0,0,1
131,131,1,1,2,1,1,2,,,5,5,3,1,,2,,3,2,2,2,2,2,4,1,5,0,0,0,1,0,0,1,1,4,0,0,0,0,0
132,132,1,1,4,2,2,,2,,7,0,6,2,,2,,2,2,2,2,2,2,4,1,6,1,0,0,0,0,0,1,1,4,0,0,0,0,0
133,133,1,1,4,1,2,,1,,10,7,7,,1,,1,3,1,2,2,1,1,1,5,5,0,1,0,0,0,0,4,5,4,1,0,0,0,0
134,134,1,1,3,1,1,1,,,5,5,5,2,,2,,5,2,2,2,2,2,4,1,4,0,1,0,0,0,0,4,4,4,0,0,0,0,0
135,135,1,1,3,1,1,1,,,8,7,0,2,,2,,4,2,2,2,2,2,3,1,6,1,0,0,0,0,0,4,4,4,0,0,0,0,0
136,136,1,1,3,2,3,,,3,7,8,7,,2,,2,2,1,1,1,2,2,2,3,3,1,0,0,0,0,0,4,4,4,1,0,0,0,0
137,137,1,1,5,1,2,,1,,10,0,10,,1,,1,3,2,2,2,2,2,4,1,3,1,0,0,0,0,0,1,1,1,1,0,0,0,0
138,138,1,1,3,1,3,,,1,8,3,7,1,,1,,3,2,2,2,2,2,4,2,5,1,0,0,1,0,0,1,1,4,0,0,0,0,0
139,139,1,1,3,2,3,,,2,3,8,3,2,,1,,3,2,2,2,2,2,1,1,5,0,0,0,1,0,0,4,1,4,0,0,0,0,0
140,140,1,1,4,1,1,2,,,7,4,6,3,,2,,4,2,2,2,2,2,4,2,5,1,0,0,0,0,0,1,1,4,0,0,0,0,0
141,141,1,1,3,2,2,,1,,9,9,10,,2,,1,3,1,1,1,1,1,2,5,5,0,1,0,0,0,0,1,4,1,1,0,0,0,0
142,142,1,1,2,1,2,,2,,7,2,6,,2,,1,2,2,2,2,2,2,4,2,5,1,0,0,0,0,0,1,5,4,1,0,0,0,0
143,143,1,1,4,2,2,,1,,7,8,8,2,,1,,3,1,1,1,1,1,2,3,6,0,1,0,0,0,0,1,4,5,0,0,0,0,0
144,144,1,1,3,2,1,1,,,8,7,8,1,,2,,3,2,1,1,1,2,1,4,5,1,0,0,0,0,0,1,4,5,0,0,0,0,0
145,145,1,1,4,2,1,1,,,9,4,0,2,,1,,2,2,2,2,2,2,4,1,6,1,0,0,0,0,0,5,5,5,0,0,0,0,0
146,146,1,1,3,1,2,,2,,7,2,9,2,,2,,3,2,2,2,2,2,4,3,6,1,0,0,0,0,0,5,5,4,0,0,0,0,0
147,147,1,1,3,1,3,,,3,0,2,2,1,,1,,3,2,2,2,2,2,3,1,2,1,0,0,0,0,0,1,1,4,0,0,0,0,0
148,148,1,1,4,2,3,,,3,5,5,5,,2,,2,2,2,1,2,2,2,2,2,4,1,0,0,0,0,0,4,1,4,1,0,0,0,0
149,149,1,1,2,1,2,,1,,8,7,10,1,,2,,2,1,2,2,1,1,4,3,5,1,0,0,0,0,0,4,5,4,0,0,0,0,0
150,150,1,1,3,1,1,1,,,8,8,8,,2,,1,3,2,2,2,2,2,1,1,6,1,0,0,0,0,0,4,5,4,1,0,0,0,0
151,151,1,1,3,2,3,,,1,7,9,2,1,,1,,3,2,2,2,2,2,3,5,5,1,0,0,0,0,0,1,1,4,0,0,0,0,0
152,152,1,1,6,2,1,1,,,10,10,5,,1,,1,3,2,2,1,2,2,4,1,2,1,0,0,0,0,0,5,5,5,1,0,0,0,0
153,153,1,1,4,2,2,,1,,2,1,5,1,,1,,4,2,2,2,2,2,3,1,6,1,0,0,0,0,0,1,1,4,0,0,0,0,0
154,154,1,1,2,2,3,,,2,9,10,0,,1,,1,3,2,2,2,2,2,3,1,2,1,0,0,0,0,0,1,4,4,1,0,0,0,0
155,155,1,1,6,2,1,1,,,9,10,0,2,,2,,2,2,2,2,2,2,4,1,5,1,0,0,0,0,0,4,4,4,0,0,0,0,0
156,156,1,1,6,1,2,,1,,10,0,8,1,,1,,3,2,2,2,2,2,4,1,5,1,0,0,0,0,0,1,1,4,0,0,0,0,0
157,157,1,1,6,1,2,,2,,9,0,5,1,,1,,3,2,2,2,2,2,4,2,4,1,0,0,0,0,0,1,1,4,0,0,0,0,0
158,158,1,1,3,2,2,,2,,9,2,3,1,,1,,3,2,2,2,2,2,4,1,5,0,0,0,0,0,1,1,1,4,0,0,0,0,0
159,159,1,1,3,1,1,1,,,8,4,7,1,,2,,2,2,2,2,1,2,2,3,5,1,0,0,0,0,0,5,4,1,0,0,0,0,0
160,160,1,1,3,2,2,,1,,7,4,8,2,,2,,3,2,2,2,1,1,3,1,5,1,0,0,0,0,0,4,4,5,0,1,1,1,1
161,161,1,1,2,1,3,,,3,10,0,0,2,,1,,3,2,2,1,1,2,4,1,3,1,0,0,0,0,0,5,5,5,0,0,0,0,0
162,162,1,1,6,2,2,,1,,7,0,7,,2,,2,3,2,2,2,2,2,4,1,5,1,0,0,0,0,0,1,1,1,1,0,0,0,0
163,163,1,1,3,1,2,,2,,8,8,7,2,,1,,3,2,1,2,2,1,1,2,5,0,1,0,0,0,0,4,5,4,0,0,0,0,0
164,164,1,1,3,1,2,,1,,9,6,9,1,,2,,3,1,1,1,1,1,2,4,6,0,0,1,0,0,0,1,4,4,0,1,1,0,0
165,165,1,1,4,2,1,2,,,3,8,2,1,,1,,3,2,2,2,2,2,4,1,5,1,0,0,0,0,0,1,5,5,0,0,0,0,0
166,166,1,1,6,2,1,1,,,9,9,1,2,,2,,2,2,2,2,2,2,4,1,5,1,0,0,0,0,0,1,1,4,0,0,0,0,0
167,167,1,1,5,2,1,1,,,9,9,7,1,,2,,2,1,1,1,1,1,1,2,5,1,0,0,0,0,0,1,5,4,0,0,0,0,0
168,168,1,1,3,2,2,,1,,8,8,4,,3,,3,3,2,2,2,2,2,2,3,5,1,0,0,0,0,0,4,5,4,1,0,0,0,0
169,169,1,1,4,4,1,2,,,5,7,3,1,,1,,4,2,2,2,2,2,4,1,6,0,0,0,1,0,0,1,1,4,0,0,0,0,0
170,170,1,1,3,2,2,,1,,7,8,7,,1,,2,3,1,2,2,1,1,2,1,5,1,0,0,0,0,0,4,5,5,1,1,0,0,1
171,160,1,1,3,1,1,1,,,7,9,3,,1,,1,3,1,2,2,2,2,4,1,5,1,0,0,0,0,0,1,4,1,1,1,1,1,1
172,171,1,1,6,1,2,,1,,10,0,6,1,,3,,3,2,2,2,2,2,4,1,3,1,0,0,0,0,0,1,1,4,0,0,0,0,0
173,172,1,1,5,1,2,,1,,9,8,9,,1,,2,3,2,1,1,2,2,2,4,6,0,1,0,0,0,0,1,1,1,1,0,0,0,0
174,173,1,1,6,2,1,1,,,6,5,0,2,,1,,3,2,2,2,2,2,4,3,5,1,0,0,0,0,0,4,4,4,0,0,0,0,0
175,174,1,1,6,1,2,,1,,8,2,10,1,,1,,3,1,1,1,1,1,2,2,5,1,0,0,0,0,0,1,1,1,0,0,0,0,0
176,175,1,1,3,2,1,1,,,10,10,0,,2,,1,3,2,2,2,2,2,4,1,2,1,0,0,0,0,0,1,1,1,1,0,0,0,0
177,176,1,1,3,1,2,,1,,10,10,10,1,,1,,4,1,1,2,2,2,2,4,2,1,0,0,0,0,0,5,4,5,0,0,0,0,0
178,177,1,1,7,1,2,,1,,10,0,9,,2,,2,3,2,2,2,2,2,4,1,3,1,0,0,0,0,0,1,1,4,1,0,0,0,0
179,178,1,1,2,2,1,2,,,4,10,0,2,,2,,3,2,2,2,2,2,4,1,1,1,0,0,0,0,0,1,1,4,0,0,0,0,0
180,179,1,1,3,1,2,,1,,9,8,10,1,,1,,2,1,1,1,1,1,2,5,6,1,0,0,0,0,0,4,5,4,0,1,0,0,1
181,180,1,1,5,2,2,,2,,7,1,9,,1,,1,3,2,2,2,2,2,4,1,4,1,0,0,0,0,0,1,1,4,1,0,0,0,0
182,181,1,1,3,1,1,1,,,10,10,1,3,,3,,2,2,2,2,2,2,4,1,5,1,0,0,0,0,0,5,5,5,0,0,0,0,0
183,182,1,1,4,1,2,,1,,6,2,8,2,,2,,3,2,2,2,2,2,2,1,5,0,0,0,1,0,0,1,4,4,0,0,0,0,0
184,183,1,1,7,2,3,,,2,10,9,0,2,,2,,3,2,2,2,2,2,4,1,6,1,0,0,0,0,0,5,5,5,0,0,0,0,0
185,184,1,1,3,1,2,,1,,6,3,6,2,,3,,3,2,2,2,2,2,2,2,5,1,0,0,0,0,0,4,5,4,0,0,0,0,0
186,185,1,1,6,1,3,,,1,10,,,,1,,1,3,1,1,1,2,2,1,3,5,0,1,0,0,0,0,5,5,5,1,1,1,0,0
187,186,1,1,3,2,1,1,,,10,10,0,,1,,1,3,2,2,2,2,2,4,1,5,1,0,0,0,0,0,5,5,4,1,0,0,0,0
188,187,1,1,6,1,2,,1,,8,8,9,,1,,2,3,1,1,1,1,1,1,2,5,1,0,0,0,0,0,4,5,4,1,0,0,0,0
189,188,1,1,3,1,3,,,3,5,5,4,,2,,2,3,2,2,2,2,2,4,4,4,1,0,0,0,0,0,5,5,5,1,0,0,0,0
190,189,1,1,7,2,2,,1,,8,0,8,,2,,2,3,2,2,2,2,2,3,1,6,1,0,0,0,0,0,1,1,1,1,0,0,0,0
191,190,1,1,3,2,3,,,1,7,10,10,,1,,2,3,2,2,2,2,2,2,3,6,0,1,0,0,0,0,5,5,4,1,0,0,0,0
192,191,1,1,5,1,2,,1,,7,3,8,,2,,2,3,2,2,2,2,2,3,3,5,1,0,0,0,0,0,1,1,1,1,0,0,0,0
193,192,1,1,3,1,3,,,2,8,8,7,2,,3,,3,1,1,2,1,1,1,3,6,1,0,0,0,0,0,4,5,1,0,0,0,0,0
194,193,1,1,3,1,2,,1,,7,7,10,1,,1,,3,1,1,1,1,1,3,3,6,0,1,0,0,0,0,4,1,4,0,0,0,0,0
195,194,1,1,4,1,2,,1,,7,1,6,1,,2,,3,2,2,2,2,2,4,1,3,1,0,0,0,0,0,1,1,1,0,0,0,0,0
196,195,1,1,3,1,3,,,3,5,0,0,1,,1,,3,2,2,2,2,2,4,1,5,1,0,0,0,0,0,1,1,1,0,0,0,0,0
197,196,1,1,3,2,2,,1,,8,7,10,1,,1,,3,2,2,2,2,1,2,4,6,1,0,0,0,0,0,5,5,5,0,0,0,0,0
198,197,1,1,3,2,3,,,3,7,6,4,,2,,2,3,2,2,2,2,2,4,1,5,1,0,0,0,0,0,1,1,1,1,0,0,0,0
199,198,1,1,7,2,2,,1,,9,0,10,,2,,2,4,2,2,2,2,2,4,1,5,1,0,0,0,0,0,1,1,1,1,0,0,0,0
200,199,1,1,3,1,4,,,1,8,2,3,2,,2,,2,2,2,2,2,2,4,2,6,1,0,1,0,0,0,4,5,5,0,0,0,0,0
201,200,1,1,6,1,2,,1,,7,1,7,2,,2,,3,2,2,2,2,2,4,1,5,1,0,0,0,0,0,1,1,1,0,0,0,0,0
202,201,1,1,3,2,3,,,2,8,4,1,,2,,2,3,2,2,2,2,1,4,1,5,1,0,0,0,0,0,4,4,4,1,0,0,0,0
203,202,1,1,3,1,2,,2,,8,1,8,,1,,1,4,2,2,2,2,2,4,1,3,1,0,0,0,0,0,1,1,1,1,0,0,0,0
204,203,1,1,3,1,1,1,,,8,9,2,3,,2,,3,1,2,2,2,1,2,5,5,1,0,0,0,0,0,1,5,4,0,0,0,0,0
205,204,1,1,3,1,2,,2,,6,7,8,,2,,3,3,2,2,2,2,2,1,3,5,1,0,0,0,0,0,4,5,4,1,0,0,0,0
206,205,1,1,3,1,2,,1,,7,9,7,,1,,1,3,2,2,2,2,2,3,2,5,1,0,0,0,0,0,1,4,1,1,1,1,0,0
207,206,1,1,5,1,1,1,,,6,9,3,,1,,1,5,2,2,2,2,2,1,1,5,1,0,0,0,0,0,5,5,5,1,1,0,0,1
208,207,1,1,4,2,3,,,2,7,9,2,1,,2,,3,2,2,2,2,2,4,1,5,1,0,0,0,0,0,4,5,5,0,0,0,0,0
209,208,1,1,3,2,2,,2,,3,1,6,,2,,2,3,2,2,2,2,2,3,1,5,1,0,0,0,0,0,1,1,4,1,0,0,0,0
210,209,1,1,6,1,2,,1,,9,5,7,,1,,1,3,2,2,2,2,1,2,1,5,1,0,0,0,0,0,4,5,5,1,0,0,0,0
211,210,1,1,3,1,1,1,,,9,9,4,2,,3,,3,1,2,2,2,2,1,2,6,0,1,0,0,0,0,4,5,4,0,0,0,0,0
212,211,1,1,3,1,1,1,,,9,10,8,,1,,2,3,2,2,2,2,2,2,5,8,1,0,0,0,0,0,1,1,1,1,0,0,0,0
213,212,1,1,3,1,2,,1,,8,7,7,,1,,2,3,1,1,1,1,1,3,3,5,1,0,0,0,0,0,4,1,1,1,0,0,0,0
214,213,1,1,5,1,1,1,,,6,8,2,,1,,2,3,2,2,2,2,2,1,1,6,1,0,0,0,0,0,1,4,4,1,1,0,0,1
215,214,1,1,7,2,1,1,,,8,10,0,2,,2,,3,2,2,2,2,2,4,1,3,1,0,0,0,0,0,4,5,5,0,0,0,0,0
216,215,1,1,6,1,2,,1,,10,7,5,1,,2,,2,1,1,1,1,1,3,1,2,0,1,0,0,0,0,4,5,4,0,0,0,0,0
217,216,1,1,5,2,1,1,,,7,6,0,,1,,1,2,2,2,2,2,2,4,1,4,1,0,0,0,0,0,1,4,4,1,0,0,0,0
218,217,1,1,6,2,2,,2,,3,2,5,,1,,1,2,2,2,2,2,2,4,1,5,0,0,0,1,0,0,1,1,4,1,0,0,0,0
219,218,1,1,3,1,2,,1,,9,8,8,,2,,1,3,1,1,1,1,1,3,3,5,0,1,0,0,0,0,4,5,4,1,0,0,0,0
220,219,1,1,3,1,2,,1,,9,4,10,1,,2,,2,1,1,1,1,1,2,2,5,1,0,0,0,0,0,1,4,1,0,0,0,0,0
221,220,1,1,7,2,2,,1,,8,0,9,,2,,2,3,2,2,1,2,2,4,1,3,1,0,0,0,0,0,1,1,4,1,0,0,0,0
222,221,1,1,3,2,2,,1,,8,8,8,2,,2,,3,2,2,2,2,2,3,3,5,1,0,0,0,0,0,4,1,4,0,0,0,0,0
223,222,1,1,3,2,2,,1,,9,2,9,1,,1,,3,1,1,1,1,1,1,4,6,1,0,0,0,0,0,4,1,1,0,0,0,0,0
224,223,1,1,5,1,1,1,,,7,5,1,,2,,2,2,2,1,1,2,2,2,1,6,1,0,0,0,0,0,4,5,4,1,0,0,0,0
225,224,1,1,3,2,2,,2,,4,3,7,1,,1,,3,2,2,2,2,2,3,1,6,1,0,0,0,0,0,5,5,5,0,0,0,0,0
226,225,1,1,3,1,1,1,,,10,6,4,,1,,1,3,1,1,1,1,1,1,3,5,1,1,1,1,1,0,1,1,1,1,0,0,0,0
227,226,1,1,3,1,1,1,,,9,9,4,2,,2,,2,2,2,2,2,2,2,5,5,1,0,0,0,0,0,4,5,5,0,0,0,0,0
228,227,1,1,3,2,3,,,1,9,2,10,1,,3,,3,1,2,2,2,2,4,5,5,1,0,0,0,0,0,1,4,5,0,0,0,0,0
229,228,1,1,5,2,1,1,,,7,4,7,1,,2,,2,1,1,1,1,1,2,3,5,0,1,0,0,0,0,4,5,1,0,0,0,0,0
230,229,1,1,5,1,2,,1,,9,7,10,1,,2,,2,1,1,1,2,2,3,1,6,1,0,0,0,0,0,1,4,4,0,1,1,0,0
231,230,1,1,6,1,1,1,,,9,8,7,,1,,2,3,1,2,2,2,2,2,2,6,1,0,0,0,0,0,4,1,4,1,0,0,0,0
232,231,1,1,5,1,2,,1,,8,1,7,,2,,2,3,2,2,2,2,2,3,1,5,1,0,0,0,0,0,1,1,4,1,0,0,0,0
233,232,1,1,3,2,2,,1,,8,7,10,1,,1,,3,2,2,2,2,1,1,1,2,1,0,0,0,0,0,5,5,5,0,0,0,0,0
234,233,1,1,3,2,2,,1,,9,9,10,,1,,1,3,1,1,1,1,1,1,5,6,1,0,0,0,0,0,1,4,1,1,0,0,0,0
235,234,1,1,6,1,1,1,,,9,6,7,2,,2,,3,1,2,2,2,1,2,3,5,1,0,0,0,0,0,4,5,4,0,0,0,0,0
236,235,1,1,3,2,2,,2,,9,9,9,2,,2,,3,1,2,2,1,1,3,3,6,1,0,0,0,0,0,4,5,4,0,0,0,0,0
237,236,1,1,5,1,2,,1,,8,4,7,2,,2,,4,2,2,2,2,2,4,1,6,1,0,0,0,0,0,1,1,4,0,0,0,0,0
238,237,1,1,2,1,1,1,,,6,9,2,,2,,1,3,2,2,2,1,2,1,3,2,1,0,0,0,0,0,4,5,5,1,0,0,0,0
239,238,1,1,7,1,3,,,1,8,0,8,,2,,2,4,2,2,1,2,2,4,1,5,1,0,0,0,0,0,1,1,1,1,0,0,0,0
240,239,1,1,5,1,1,2,,,6,8,1,,1,,1,3,2,2,2,2,2,4,1,4,1,0,0,0,0,0,1,4,4,1,0,0,0,0
241,240,1,1,3,2,1,1,,,6,8,1,2,,2,,3,2,2,2,2,2,4,1,5,1,0,0,0,0,0,4,4,4,0,0,0,0,0
242,241,1,1,4,2,2,,1,,9,1,8,3,,3,,3,2,2,2,2,2,4,1,5,1,0,0,0,0,0,1,1,1,0,0,0,0,0
243,242,1,1,5,2,1,1,,,7,,,,1,,1,1,1,1,1,1,1,2,1,6,1,0,0,0,0,0,4,4,4,1,0,0,0,0
244,243,1,1,4,2,2,,1,,8,2,10,2,,2,,3,2,2,2,2,2,2,1,5,1,1,1,1,1,0,5,5,5,0,0,0,0,0
245,244,1,1,5,1,2,,1,,8,1,8,,1,,2,3,2,2,2,2,2,4,1,8,1,0,0,0,0,0,1,1,4,1,0,0,0,0
246,245,1,1,5,2,2,,1,,8,7,8,,1,,2,2,2,2,2,1,1,2,2,5,0,1,0,0,0,0,1,4,1,1,0,0,0,0
247,246,1,1,3,2,2,,1,,8,9,3,,1,,2,3,1,1,1,2,2,2,4,6,0,1,0,0,0,0,1,5,4,1,0,0,0,0
248,247,1,1,6,2,1,1,,,9,8,0,2,,2,,3,2,2,2,2,2,4,1,4,1,0,0,0,0,0,1,1,4,0,0,0,0,0
249,248,1,1,7,2,3,,,1,9,5,5,1,,1,,3,2,2,2,2,2,2,1,4,1,0,0,0,0,0,1,1,4,0,0,0,0,0
250,249,1,1,3,1,2,,2,,8,4,7,,2,,2,3,2,2,2,2,2,4,2,5,1,0,0,0,0,0,5,5,4,1,0,0,0,0
251,250,1,1,6,1,2,,1,,8,1,10,1,,1,,4,2,2,2,2,2,4,1,3,1,0,0,0,0,0,5,5,4,0,0,0,0,0
252,251,1,1,3,2,1,1,,,7,8,1,3,,3,,3,2,2,2,2,2,3,2,2,1,0,0,0,0,0,4,5,5,0,0,0,0,0
253,252,1,1,2,2,1,2,,,9,7,3,,1,,3,3,2,2,2,2,2,2,1,6,1,0,0,0,0,0,1,1,5,1,0,0,0,0
254,253,1,1,3,2,1,1,,,10,10,0,,1,,2,3,2,2,2,2,2,4,1,5,1,0,0,0,0,0,5,5,5,1,1,0,1,1
255,254,1,1,4,2,1,1,,,7,9,1,2,,2,,3,2,2,2,2,2,1,1,5,0,1,0,0,0,0,5,5,5,0,0,0,0,0
256,255,1,1,3,2,1,1,,,7,9,3,,1,,2,3,1,2,2,2,1,1,3,5,1,0,0,0,0,0,5,5,1,1,0,0,0,0
257,256,1,1,2,1,2,,2,,6,4,7,,2,,2,3,2,2,2,2,2,4,1,5,0,0,0,1,0,0,1,1,4,1,0,0,0,0
258,257,1,1,3,1,1,1,,,10,8,8,1,,2,,3,1,1,1,1,1,1,2,6,0,1,0,0,0,0,1,4,1,0,1,0,0,1
259,258,1,1,7,2,3,,,2,8,5,0,,1,,1,3,2,2,2,2,2,4,1,3,1,0,0,0,0,0,5,5,5,1,0,0,0,0
260,259,1,1,3,2,3,,,2,7,6,0,2,,2,,3,2,2,2,2,2,4,1,5,1,0,0,0,0,0,4,4,4,0,0,0,0,0
261,260,1,1,3,1,1,1,,,10,10,0,3,,2,,2,2,2,2,2,2,4,1,5,0,1,0,0,0,0,5,5,4,0,0,0,0,0
262,261,1,1,3,1,1,2,,,7,2,7,3,,3,,4,2,2,2,2,2,2,1,5,0,1,0,0,0,0,5,5,5,0,0,0,0,0
263,262,1,1,4,1,3,,,1,8,2,2,1,,1,,3,2,2,2,2,2,2,1,5,1,0,0,0,0,0,1,1,5,0,0,0,0,0
264,263,1,1,3,1,1,2,,,8,3,9,3,,3,,4,2,2,2,2,2,2,1,5,0,1,0,0,0,0,5,5,5,0,0,0,0,0
265,264,1,1,3,1,2,,2,,2,1,5,2,,2,,4,2,2,2,2,2,4,1,5,1,0,0,0,0,0,5,5,4,0,0,0,0,0
266,265,1,1,3,1,2,,1,,10,8,9,,1,,1,1,1,1,1,2,2,2,2,6,0,1,0,0,0,0,5,4,5,1,0,0,0,0
267,266,1,1,4,2,2,,1,,3,5,8,1,,1,,3,2,1,2,2,2,4,1,5,1,0,0,0,0,0,1,1,4,0,0,0,0,0
268,267,1,1,5,1,3,,,3,6,5,5,2,,2,,3,2,2,2,2,2,4,1,7,0,0,0,1,0,0,1,1,4,0,0,0,0,0
269,268,1,1,3,1,2,,1,,10,,,,1,,1,3,1,1,1,1,1,2,5,5,1,0,0,0,0,0,1,1,1,1,0,0,0,0
270,269,1,1,2,2,1,1,,,6,9,2,,1,,1,3,2,2,2,2,2,3,1,5,0,0,1,0,0,0,5,5,5,1,0,0,0,0
271,270,1,1,4,1,3,,,2,9,8,0,1,,1,,2,2,2,2,2,2,3,1,3,1,0,0,0,0,0,5,5,4,0,0,0,0,0
272,271,1,1,5,2,2,,1,,8,8,7,1,,1,,2,1,1,1,1,1,1,1,6,1,0,0,0,0,0,4,4,4,0,0,0,0,0
273,272,1,1,4,1,2,,1,,9,7,9,1,,2,,3,2,1,1,1,1,1,4,2,0,1,0,0,0,0,4,4,1,0,0,0,0,0
274,273,1,1,5,2,2,,1,,10,8,8,2,,1,,4,1,2,2,1,1,2,1,6,1,0,0,0,0,0,1,4,1,0,0,0,0,0
275,274,1,1,5,1,1,2,,,6,7,3,1,,1,,3,2,2,2,2,2,4,5,4,1,0,0,0,0,0,4,4,4,0,0,0,0,0
276,275,1,1,5,1,2,,1,,8,0,8,2,,1,,3,2,2,2,2,2,4,1,3,1,0,0,0,0,0,1,1,4,0,0,0,0,0
277,276,1,1,3,2,2,,1,,7,6,3,,2,,1,3,2,2,2,2,2,2,1,5,1,0,0,0,0,0,5,5,5,1,1,1,0,0
278,277,1,1,3,1,1,2,,,6,6,5,2,,1,,3,2,2,2,2,2,4,1,5,0,0,0,1,0,0,4,4,4,0,0,0,0,0
279,278,1,1,4,2,1,2,,,5,5,5,2,,2,,2,2,2,2,2,2,1,1,6,1,0,0,0,0,0,1,4,4,0,0,0,0,0
280,279,1,1,4,2,2,,1,,4,1,8,,2,,2,2,2,1,2,2,2,4,1,2,1,0,0,0,0,0,1,1,4,1,0,0,0,0
281,280,1,1,4,2,2,,1,,8,6,9,,1,,2,3,2,1,2,1,1,1,3,5,1,0,0,0,0,0,1,4,4,1,0,0,0,0
282,281,1,1,5,1,1,1,,,9,7,0,2,,2,,3,2,2,2,2,2,4,1,5,1,0,0,0,0,0,4,1,5,0,0,0,0,0
283,282,1,1,6,1,1,1,,,10,9,0,,1,,1,3,2,2,2,2,2,4,1,5,1,0,0,0,0,0,1,1,4,1,0,0,0,0
284,283,1,1,4,1,2,,1,,8,2,9,,2,,3,4,2,2,2,2,2,2,3,6,1,0,0,0,0,0,4,4,5,1,0,0,0,0
285,284,1,1,3,2,2,,1,,8,7,9,1,,2,,3,1,2,2,2,2,2,2,5,1,0,0,0,0,0,4,1,4,0,0,0,0,0
286,285,1,1,7,1,1,2,,,8,5,5,2,,2,,2,2,2,2,2,2,4,1,4,1,0,0,0,0,0,1,1,4,0,0,0,0,0
287,286,1,1,4,3,3,,,3,6,1,0,2,,2,,3,2,1,1,2,2,4,1,4,1,0,0,0,0,0,5,4,5,0,0,0,0,0
288,287,1,1,5,2,1,1,,,9,3,8,,1,,1,3,1,1,1,1,1,1,3,5,1,0,0,0,0,0,4,4,4,1,0,0,0,0
289,288,1,1,6,1,3,,,2,8,8,9,1,,2,,3,2,2,2,2,2,3,1,5,1,0,0,0,0,0,1,1,4,0,1,1,0,0
290,289,1,1,5,1,2,,1,,8,7,5,1,,2,,2,1,1,1,1,1,2,2,5,1,0,0,0,0,0,5,4,4,0,0,0,0,0
291,290,1,1,3,1,1,1,,,9,10,0,,1,,1,3,2,2,2,1,1,2,4,6,1,0,0,0,0,0,5,4,5,1,0,0,0,0
292,291,1,1,3,2,3,,,2,8,10,1,,1,,1,3,2,2,2,2,2,3,1,5,1,0,0,0,0,0,5,5,4,1,0,0,0,0
293,292,1,1,3,1,2,,1,,7,1,9,,2,,3,3,2,1,1,1,1,1,3,5,0,1,0,0,0,0,4,1,4,1,0,0,0,0
294,293,1,1,4,1,2,,2,,6,2,6,,1,,1,3,2,2,2,2,2,1,1,5,1,0,0,0,0,0,1,1,1,1,1,0,0,1
295,294,1,1,2,1,2,,2,,7,7,4,,2,,1,3,1,2,1,2,1,1,3,5,1,0,0,0,0,0,4,5,1,1,0,0,0,0
296,295,1,1,6,1,2,,1,,8,4,9,,2,,1,3,1,2,2,2,2,4,5,6,1,0,0,0,0,0,4,5,4,1,0,0,0,0
297,296,1,1,3,1,1,1,,,8,9,7,2,,1,,3,2,2,2,1,1,1,5,5,1,0,0,0,0,0,1,5,4,0,1,1,0,0
298,297,1,1,3,1,3,,,1,7,7,9,1,,2,,4,1,2,2,2,2,2,2,5,1,0,0,0,0,0,4,5,5,0,0,0,0,0
299,298,1,1,4,1,3,,,1,8,7,9,,1,,2,4,1,2,2,2,2,2,3,5,1,0,0,0,0,0,4,5,4,1,0,0,0,0
300,299,1,1,6,2,1,1,,,10,10,0,2,,2,,4,2,2,2,2,2,4,1,3,1,0,0,0,0,0,5,5,5,0,0,0,0,0
301,300,1,1,5,1,2,,2,,7,2,9,1,,1,,3,2,2,2,2,2,4,1,3,1,0,0,0,0,0,1,1,1,0,0,0,0,0
302,301,1,1,3,2,1,2,,,9,8,0,,1,,1,3,2,2,2,2,2,4,1,5,1,0,0,0,0,0,5,5,5,1,0,0,0,0
303,302,1,1,3,1,1,1,,,10,10,10,,1,,1,2,1,1,1,1,1,1,1,2,0,0,0,1,0,0,5,5,5,1,0,0,0,0
304,303,1,1,3,2,2,,1,,10,0,10,1,,1,,2,2,2,2,2,2,4,1,5,1,0,0,0,0,0,1,1,1,0,0,0,0,0
305,304,1,1,3,2,2,,1,,6,1,8,1,,1,,4,2,2,2,2,2,4,1,3,1,0,0,0,0,0,1,1,1,0,0,0,0,0
306,305,1,1,4,1,2,,1,,10,4,10,1,,2,,3,2,2,2,2,2,1,1,5,1,0,0,0,0,0,4,5,4,0,0,0,0,0
307,306,1,1,4,1,2,,2,,8,1,7,1,,1,,3,2,2,2,2,2,4,1,4,1,0,0,0,0,0,1,1,4,0,0,0,0,0
308,307,1,1,4,2,2,,1,,9,0,6,2,,2,,3,2,2,2,2,2,4,1,5,1,0,0,0,0,0,1,1,1,0,0,0,0,0
309,308,1,1,5,2,2,,2,,7,7,9,,2,,1,3,2,2,2,2,2,1,1,5,1,0,0,0,0,0,1,4,5,1,0,0,0,0
310,309,1,1,4,1,1,1,,,10,10,7,1,,2,,5,1,1,1,1,1,2,3,5,0,1,0,0,0,0,1,4,4,0,0,0,0,0
311,310,1,1,4,1,3,,,2,8,7,2,1,,1,,3,2,2,2,2,2,4,1,5,1,0,0,0,0,0,1,1,4,0,0,0,0,0
312,311,1,1,4,2,1,2,,,7,9,4,,1,,2,3,2,2,2,2,2,4,1,5,1,0,0,0,0,0,5,5,5,1,0,0,0,0
313,312,1,1,3,1,2,,1,,8,2,9,,2,,1,3,1,1,1,1,1,3,5,5,1,0,0,0,0,0,4,1,4,1,0,0,0,0
314,313,1,1,3,1,1,1,,,8,8,4,,1,,2,2,2,2,2,2,2,3,5,5,1,0,0,0,0,0,1,4,4,1,0,0,0,0
315,314,1,1,3,1,2,,1,,7,6,8,2,,2,,3,2,1,2,2,2,2,1,6,1,0,0,0,0,0,5,5,1,0,0,0,0,0
316,315,1,1,3,2,2,,2,,8,6,8,2,,2,,3,2,2,2,2,2,4,1,6,1,0,0,0,0,0,1,1,5,0,1,0,0,1
317,316,1,1,3,1,1,1,,,7,9,9,1,,2,,4,2,2,2,2,2,2,4,5,1,0,0,0,0,0,4,1,4,0,0,0,0,0
318,317,1,1,3,1,1,1,,,9,8,8,,1,,1,3,1,1,1,1,1,4,3,5,1,1,1,1,1,0,1,1,1,1,0,0,0,0
319,318,1,1,4,1,2,,1,,9,6,10,1,,2,,3,2,2,2,2,2,2,4,6,1,0,0,0,0,0,1,4,1,0,0,0,0,0
320,319,1,1,4,1,2,,1,,8,9,10,,1,,2,3,2,2,2,2,2,1,5,6,0,1,0,0,0,0,4,1,4,1,0,0,0,0
321,320,1,1,3,1,3,,,1,1,0,0,,1,,1,3,2,2,2,2,2,4,1,6,1,0,0,0,0,0,4,4,4,1,0,0,0,0
322,321,1,1,3,2,2,,2,,8,7,9,,1,,1,3,2,2,2,2,2,4,1,5,1,0,0,0,0,0,1,4,4,1,0,0,0,0
323,322,1,1,5,2,1,2,,,6,6,1,,1,,1,3,2,2,2,2,2,4,1,3,1,0,0,0,0,0,4,4,5,1,0,0,0,0
324,323,1,1,3,1,2,,1,,7,7,4,,1,,2,3,1,1,2,2,1,2,3,6,0,1,0,0,0,0,4,5,4,1,0,0,0,0
325,324,1,1,3,1,3,,,3,8,3,9,,1,,2,3,1,2,2,2,1,1,3,5,1,0,0,0,0,0,5,4,1,1,0,0,0,0
326,325,1,1,3,1,1,2,,,9,9,7,,1,,2,4,1,1,1,1,1,2,1,5,0,1,0,0,0,0,4,5,5,1,0,0,0,0
327,326,1,1,4,2,1,1,,,9,9,0,2,,2,,2,2,2,2,2,2,4,1,5,1,0,0,0,0,0,5,5,5,0,0,0,0,0
328,327,1,1,4,2,2,,2,,5,4,2,2,,2,,3,2,2,2,2,2,4,1,4,1,0,0,0,0,0,4,4,4,0,0,0,0,0
329,328,1,1,4,1,1,1,,,7,8,7,1,,2,,3,2,2,2,2,2,2,2,5,0,1,0,0,0,0,4,5,1,0,0,0,0,0
330,329,1,1,3,2,2,,2,,2,1,1,,1,,3,3,2,2,2,2,2,4,1,3,1,0,0,0,0,0,1,1,5,1,0,0,0,0
331,330,1,1,6,2,3,,,3,1,0,1,,2,,2,3,2,2,2,2,2,4,1,5,1,0,0,0,0,0,4,4,5,1,0,0,0,0
332,331,1,1,2,1,4,,,1,9,6,4,,2,,2,3,2,2,2,2,2,2,1,5,1,0,0,0,0,0,5,1,4,1,0,0,0,0
333,332,1,1,5,2,2,,1,,8,7,9,,1,,2,3,2,1,2,2,2,2,4,5,1,0,0,0,0,0,1,4,4,1,0,0,0,0
334,333,1,1,3,1,2,,1,,10,10,10,,1,,1,3,1,2,2,2,2,1,2,5,0,1,0,0,0,0,1,4,4,1,0,0,0,0
335,334,1,1,3,1,1,1,,,9,7,6,1,,1,,4,2,2,2,2,2,4,5,5,1,0,0,0,0,0,4,4,4,0,1,0,0,1
336,335,1,1,7,1,1,1,,,10,10,0,1,,1,,3,2,1,2,2,2,4,1,2,1,0,0,0,0,0,1,1,4,0,0,0,0,0
337,336,1,1,3,1,3,,,3,8,7,1,2,,2,,2,2,2,2,2,2,4,1,5,1,0,0,0,0,0,4,4,5,0,0,0,0,0
338,337,1,1,4,2,2,,2,,3,1,3,,1,,1,3,2,2,2,2,2,4,1,4,1,0,0,0,0,0,1,1,4,1,0,0,0,0
339,338,1,1,3,2,1,1,,,10,10,0,,2,,2,3,2,2,2,2,2,1,4,5,1,0,0,0,0,0,5,5,5,1,0,0,0,0
340,339,1,1,4,1,2,,1,,8,8,7,,1,,1,3,2,2,2,2,2,2,3,5,1,0,0,0,0,0,4,5,4,1,0,0,0,0
341,340,1,1,3,2,1,1,,,8,9,2,,1,,3,4,2,2,2,2,2,4,1,5,1,0,0,0,0,0,1,4,4,1,0,0,0,0
342,341,1,1,3,2,2,,1,,7,3,10,1,,1,,4,2,2,2,2,2,2,2,5,1,0,0,0,0,0,4,4,4,0,0,0,0,0
343,342,1,1,3,1,4,,,3,2,1,1,2,,3,,2,2,2,2,2,2,1,1,4,0,1,0,0,0,0,4,4,5,0,0,0,0,0
344,343,1,1,2,1,1,1,,,7,8,6,,1,,2,2,1,2,2,1,2,1,2,3,1,0,0,0,0,0,4,1,5,1,0,0,0,0
345,344,1,1,4,1,1,1,,,7,8,4,,2,,2,2,1,2,2,2,2,3,5,5,0,1,0,0,0,0,1,1,1,1,0,0,0,0
346,345,1,1,6,2,2,,1,,7,0,10,,2,,2,3,2,2,2,2,2,4,1,5,1,0,0,0,0,0,1,1,1,1,0,0,0,0
347,346,1,1,3,1,2,,1,,9,7,8,1,,2,,3,2,2,2,2,2,1,5,7,1,0,0,0,0,0,4,5,4,0,0,0,0,0
348,347,1,1,7,2,1,2,,,10,10,0,,1,,1,4,2,2,2,2,2,4,1,6,1,0,0,0,0,0,4,4,5,1,0,0,0,0
349,348,1,1,4,1,2,,1,,7,9,8,2,,2,,4,1,2,1,1,2,1,2,5,1,0,0,0,0,0,4,5,4,0,0,0,0,0
350,349,1,1,3,1,2,,1,,9,2,10,,1,,2,3,2,2,2,2,2,2,1,5,1,0,0,0,0,0,4,1,1,1,0,0,0,0
351,350,1,1,3,1,2,,1,,8,2,7,2,,2,,3,2,2,2,2,2,2,2,6,1,0,0,0,0,0,1,5,4,0,0,0,0,0
352,351,1,1,5,2,1,1,,,6,5,3,2,,2,,2,2,2,2,2,2,4,1,6,1,0,0,0,0,0,5,1,4,0,0,0,0,0
353,352,1,1,8,1,3,,,1,6,10,10,,2,,1,3,2,2,1,2,2,4,1,5,1,0,0,0,0,0,1,1,1,1,0,0,0,0
354,353,1,1,3,1,1,1,,,10,10,6,1,,1,,2,2,2,2,2,2,2,1,7,0,1,0,0,0,0,4,1,4,0,1,0,0,1
355,354,1,1,7,1,1,1,,,8,10,1,2,,2,,3,2,2,2,2,2,4,1,6,1,0,0,0,0,0,4,1,4,0,0,0,0,0
356,355,1,1,3,1,2,,2,,8,9,9,1,,1,,3,2,2,2,2,2,3,2,5,1,0,0,0,0,0,1,4,4,0,0,0,0,0
357,356,1,1,4,2,2,,2,,4,0,6,,2,,2,4,2,2,2,2,2,4,1,5,1,0,0,0,0,0,1,1,4,1,0,0,0,0
358,357,1,1,5,2,1,1,,,7,6,6,2,,2,,3,1,2,1,1,1,3,2,6,0,0,0,0,1,0,4,4,4,0,0,0,0,0
359,358,1,1,3,1,2,,1,,9,8,10,,1,,2,2,2,2,2,2,2,1,5,6,0,1,0,0,0,0,4,1,4,1,0,0,0,0
360,359,1,1,3,1,1,2,,,10,7,1,2,,2,,2,2,2,2,2,2,4,1,5,0,1,0,0,0,0,1,1,1,0,0,0,0,0
361,360,1,1,6,1,2,,2,,5,6,8,,2,,3,3,2,1,2,2,2,4,2,5,1,0,0,0,0,0,4,5,4,1,1,0,1,1
362,361,1,1,6,2,1,2,,,9,7,1,2,,2,,2,2,2,2,2,2,4,1,4,1,0,0,0,0,0,4,4,4,0,0,0,0,0
363,362,1,1,4,2,3,,,2,4,4,1,1,,1,,3,2,2,2,2,2,2,1,5,1,0,0,0,0,0,4,4,4,0,0,0,0,0
364,363,1,1,4,2,1,1,,,10,10,0,2,,2,,1,2,1,2,2,2,3,1,4,1,0,0,0,0,0,1,4,4,0,0,0,0,0
365,364,1,1,7,2,2,,1,,6,3,8,,3,,3,3,2,2,2,2,2,4,1,3,1,0,0,0,0,0,1,1,4,1,0,0,0,0
366,365,1,1,3,2,1,1,,,8,7,9,,2,,1,3,2,2,2,2,2,2,1,6,1,0,0,0,0,0,4,5,4,1,0,0,0,0
367,366,1,1,4,2,1,2,,,8,8,3,2,,2,,3,2,2,2,2,2,4,1,6,1,0,0,0,0,0,1,4,4,0,0,0,0,0
368,367,1,1,3,2,1,1,,,8,8,0,2,,1,,3,2,2,2,2,2,2,1,5,0,1,0,0,0,0,5,5,5,0,0,0,0,0
369,368,1,1,3,1,2,,1,,10,0,7,1,,1,,3,1,1,1,1,1,1,5,5,0,1,1,0,0,0,1,1,1,0,0,0,0,0
370,369,1,1,6,2,2,,1,,8,2,7,,1,,1,4,2,2,2,2,2,3,1,5,1,0,0,0,0,0,1,1,4,1,0,0,0,0
371,370,1,1,3,2,1,2,,,2,7,5,,1,,1,3,2,2,2,2,2,2,1,3,1,0,0,0,0,0,1,1,4,1,0,0,0,0
372,371,1,1,6,2,2,,1,,8,8,7,,1,,2,2,1,1,1,1,2,1,1,5,0,1,0,0,0,0,5,4,5,1,0,0,0,0
373,372,1,1,3,1,1,1,,,7,6,1,3,,2,,3,2,2,2,2,2,4,2,5,1,0,0,0,0,0,4,4,5,0,0,0,0,0
374,373,1,1,4,2,1,1,,,8,7,0,2,,3,,3,2,2,2,2,2,4,2,5,0,1,0,0,0,0,5,5,5,0,0,0,0,0
375,374,1,1,4,2,1,1,,,,10,8,2,,2,,3,2,2,2,2,2,4,1,5,0,1,0,0,0,0,4,4,4,0,0,0,0,0
376,375,1,1,3,2,4,,,3,6,6,3,2,,2,,4,2,2,2,2,2,3,1,6,1,0,0,0,0,0,4,1,4,0,0,0,0,0
377,376,1,1,5,1,2,,1,,6,7,10,1,,1,,4,2,2,2,2,2,4,1,4,1,0,0,0,0,0,1,1,1,0,0,0,0,0
378,377,1,1,3,1,2,,1,,10,3,9,,1,,2,3,2,2,2,1,1,2,1,5,1,0,0,0,0,0,5,5,4,1,0,0,0,0
379,378,1,1,5,2,1,1,,,8,10,7,,2,,1,2,2,2,2,2,2,1,4,2,1,0,0,0,0,0,1,1,4,1,0,0,0,0
380,379,1,1,3,2,2,,1,,8,8,10,2,,1,,2,1,1,1,1,1,3,3,5,1,0,0,0,0,0,4,1,5,0,0,0,0,0
381,380,1,1,4,1,1,1,,,9,8,0,1,,1,,3,2,2,2,2,2,2,1,3,0,0,0,1,0,0,1,1,5,0,0,0,0,0
382,381,1,1,4,1,2,,1,,9,9,8,,1,,1,3,2,2,2,2,1,1,3,5,0,1,0,0,0,0,1,5,1,1,1,0,0,1
383,382,1,1,3,1,1,2,,,6,8,7,,1,,2,3,2,2,2,2,2,4,1,5,1,0,0,0,0,0,1,1,4,1,0,0,0,0
384,383,1,1,4,1,3,,,2,8,7,0,2,,2,,3,2,2,2,2,2,4,1,4,1,0,0,0,0,0,5,5,5,0,0,0,0,0
385,384,1,1,5,1,2,,2,,3,3,5,,1,,2,3,2,2,2,2,2,4,1,4,1,0,0,0,0,0,1,1,4,1,0,0,0,0
386,385,1,1,3,1,1,2,,,5,5,1,,2,,2,4,2,2,2,2,2,4,1,6,1,0,0,0,0,0,4,4,4,1,0,0,0,0
387,386,1,1,3,1,2,,1,,7,7,7,,1,,1,2,1,1,1,2,2,2,4,5,1,0,0,0,0,0,1,1,1,1,1,0,0,1
388,387,1,1,4,1,2,,1,,8,1,9,,1,,1,4,2,1,2,2,2,2,1,5,1,0,1,0,0,0,1,1,1,1,0,0,0,0
389,388,1,1,3,2,1,1,,,8,9,3,1,,2,,3,2,2,2,2,2,4,1,2,1,0,0,0,0,0,1,4,4,0,0,0,0,0
390,389,1,1,5,1,3,,,2,4,4,4,2,,2,,4,2,2,2,2,2,4,1,6,1,0,0,0,0,0,4,4,4,0,0,0,0,0
391,390,1,1,4,1,2,,2,,9,8,8,,2,,1,3,1,1,1,1,1,2,4,5,0,1,0,0,0,0,4,1,4,1,0,0,0,0
392,391,1,1,2,1,1,1,,,8,9,10,1,,3,,1,1,1,1,1,1,1,1,1,1,0,1,1,1,0,1,4,5,0,0,0,0,0
393,392,1,1,6,1,2,,1,,9,7,8,,1,,1,2,1,1,1,1,1,1,3,5,0,1,0,0,0,0,4,1,5,1,0,0,0,0
394,393,1,1,4,1,2,,1,,8,8,8,,1,,2,2,1,1,1,1,1,4,3,5,0,1,0,0,0,0,4,5,4,1,0,0,0,0
395,394,1,1,5,2,2,,1,,8,10,10,1,,1,,3,1,1,1,1,1,1,1,6,1,0,0,0,0,0,4,5,4,0,0,0,0,0
396,395,1,1,3,2,3,,,2,8,7,2,2,,2,,2,2,2,2,2,2,1,1,3,1,0,0,0,0,0,5,5,5,0,0,0,0,0
397,396,1,1,3,1,1,1,,,8,7,5,1,,2,,4,1,1,1,1,1,1,3,6,1,0,0,0,0,0,4,4,4,0,0,0,0,0
398,397,1,1,3,2,2,,1,,10,8,9,2,,1,,4,1,1,1,1,1,1,4,6,1,0,0,0,0,0,1,4,4,0,0,0,0,0
399,398,1,1,7,2,1,2,,,7,8,8,2,,2,,4,2,2,2,2,2,4,1,4,1,0,0,0,0,0,1,1,4,0,0,0,0,0
400,399,1,1,5,2,1,1,,,10,9,7,1,,2,,4,1,1,1,1,1,1,4,6,0,1,0,0,0,0,1,4,1,0,0,0,0,0
401,400,1,1,4,1,3,,,2,7,6,2,,1,,1,3,2,2,2,2,2,4,1,5,1,0,0,0,0,0,4,4,4,1,0,0,0,0
402,401,1,1,3,1,2,,1,,10,3,10,,1,,1,4,2,2,2,2,2,4,1,8,1,0,0,0,0,0,1,1,1,1,1,0,0,1
403,402,1,1,3,2,1,2,,,8,10,7,3,,1,,2,1,1,1,1,2,1,4,6,1,1,0,0,0,0,4,4,5,0,0,0,0,0
404,403,1,1,6,1,1,1,,,8,8,4,3,,1,,2,2,2,2,2,2,2,1,6,0,0,0,1,0,0,1,5,5,0,0,0,0,0
405,404,1,1,4,2,2,,1,,5,9,10,,2,,2,3,1,1,1,1,1,2,2,5,0,0,0,1,0,0,5,1,1,1,0,0,0,0
406,405,1,1,3,1,2,,1,,10,2,10,,1,,1,4,2,2,2,2,2,4,1,6,1,0,0,0,0,0,1,1,1,1,1,0,0,1
407,406,1,1,3,2,1,2,,,6,10,5,2,,2,,3,2,1,2,2,2,4,3,5,1,0,0,0,0,0,4,1,1,0,0,0,0,0
408,407,1,1,6,2,2,,1,,6,8,7,,1,,3,2,,1,2,1,1,1,1,2,1,1,0,0,0,0,1,1,5,1,0,0,0,0
409,408,1,1,5,1,2,,1,,8,7,7,,2,,2,2,2,2,2,2,2,2,4,6,1,1,1,1,1,0,1,4,4,1,0,0,0,0
410,409,1,1,3,1,1,1,,,8,8,2,3,,2,,3,2,2,2,2,2,4,1,5,1,0,0,0,0,0,5,5,1,0,0,0,0,0
411,410,1,1,4,1,1,2,,,8,6,2,2,,2,,2,2,2,2,2,1,3,1,2,1,0,0,0,0,0,5,5,4,0,0,0,0,0
412,411,1,1,4,1,2,,1,,10,2,8,,1,,2,3,1,1,1,1,1,2,3,6,1,0,0,0,0,0,4,1,4,1,0,0,0,0
413,412,1,1,3,2,1,1,,,10,6,0,2,,2,,3,2,2,2,2,2,3,1,5,1,0,0,0,0,0,5,4,4,0,0,0,0,0
414,413,1,1,4,1,2,,1,,7,2,10,,2,,1,2,1,2,2,2,2,2,3,5,0,1,0,0,0,0,4,5,4,1,0,0,0,0
415,414,1,1,3,2,2,,2,,2,2,7,2,,2,,2,2,2,2,2,2,4,1,5,1,0,0,0,0,0,1,1,1,0,0,0,0,0
416,415,1,1,6,1,3,,,1,9,0,1,2,,2,,4,2,2,1,2,2,4,1,2,1,0,0,0,0,0,1,1,4,0,0,0,0,0
417,416,1,1,4,2,1,1,,,8,9,0,2,,2,,3,2,2,2,2,2,4,1,3,1,0,0,0,0,0,5,5,5,0,0,0,0,0
418,417,1,1,4,1,3,,,2,9,8,0,,1,,1,3,2,2,2,2,2,4,1,5,1,0,0,0,0,0,5,4,5,1,0,0,0,0
419,418,1,1,5,2,3,,,3,8,1,3,,2,,2,3,2,2,2,2,2,2,1,5,1,0,0,0,0,0,4,5,4,1,0,0,0,0
420,419,1,1,2,2,1,1,,,8,7,7,,1,,1,3,1,2,2,2,2,2,1,5,1,0,0,0,0,0,4,1,4,1,0,0,0,0
421,420,1,1,6,1,1,2,,,8,8,1,,2,,2,3,2,2,2,2,2,4,1,6,1,0,0,0,0,0,4,4,4,1,0,0,0,0
422,421,1,1,7,1,1,2,,,7,8,0,2,,2,,2,2,2,2,2,2,4,1,3,1,0,0,0,0,0,5,4,4,0,0,0,0,0
423,422,1,1,3,1,3,,,3,6,7,4,2,,2,,3,2,2,2,2,2,1,2,5,1,0,0,0,0,0,4,5,4,0,0,0,0,0
424,423,1,1,6,1,1,1,,,10,8,8,,1,,2,2,1,1,1,2,1,2,1,5,0,1,0,0,0,0,4,5,4,1,0,0,0,0
425,424,1,1,3,2,1,1,,,8,8,3,,1,,1,4,2,2,2,2,2,1,2,5,1,0,0,0,0,0,1,1,1,1,0,0,0,0
426,425,1,1,3,1,1,1,,,8,9,9,,2,,2,3,1,2,2,1,2,3,3,6,1,0,0,0,0,0,4,5,5,1,0,0,0,0
427,426,1,1,3,1,1,2,,,5,6,6,,1,,1,4,2,2,2,2,2,3,1,5,1,0,0,0,0,0,4,5,4,1,0,0,0,0
428,427,1,1,2,1,1,2,,,3,5,0,2,,2,,4,2,2,2,2,2,4,1,4,0,0,0,0,0,1,4,4,4,0,0,0,0,0
429,428,1,1,3,1,1,1,,,10,4,0,2,,2,,3,2,2,2,2,2,4,1,5,1,0,0,0,0,0,5,1,4,0,0,0,0,0
430,429,1,1,2,2,3,,,2,8,10,2,,1,,2,3,2,2,2,2,2,1,1,2,1,0,0,0,0,0,1,5,5,1,0,0,0,0
431,430,1,1,4,2,1,1,,,8,8,7,,1,,2,3,2,2,2,2,2,3,4,5,0,0,0,1,0,0,4,1,4,1,1,0,0,1
432,431,1,1,3,1,1,1,,,8,9,10,2,,2,,2,1,2,2,1,2,1,3,5,1,0,0,0,0,0,5,4,1,0,0,0,0,0
433,432,1,1,4,1,3,,,2,7,0,0,2,,3,,3,2,2,2,2,2,2,5,4,1,0,0,0,0,0,4,4,5,0,0,0,0,0
434,433,1,1,4,2,2,,1,,8,1,9,,2,,2,2,2,2,2,2,2,1,2,5,1,0,0,0,0,0,1,1,4,1,0,0,0,0
435,434,1,1,3,1,3,,,1,10,4,6,,1,,1,3,1,1,1,1,1,3,5,5,0,1,0,0,0,0,1,1,1,1,1,1,0,0
436,435,1,1,3,1,2,,2,,5,1,6,,2,,2,3,2,2,2,2,2,4,1,6,1,0,0,0,0,0,1,1,4,1,0,0,0,0
437,436,1,1,2,2,2,,1,,6,3,5,1,,1,,3,2,2,2,2,2,2,1,3,1,0,0,0,0,0,1,1,4,0,0,0,0,0
438,437,1,1,5,2,1,1,,,6,4,6,,2,,1,2,1,1,1,1,1,1,2,6,1,1,1,1,1,1,4,1,5,1,0,0,0,0
439,438,1,1,5,2,1,2,,,7,7,5,,2,,2,3,2,2,2,2,2,4,1,2,1,0,0,0,0,0,4,4,4,1,0,0,0,0
440,439,1,1,4,1,1,1,,,8,9,1,1,,1,,3,2,2,2,2,2,4,1,5,1,0,0,0,0,0,1,1,1,0,0,0,0,0
441,440,1,1,3,2,4,,,3,9,3,3,,1,,1,3,2,2,2,2,2,2,1,6,1,0,0,0,0,0,1,1,4,1,0,0,0,0
442,441,1,1,3,2,1,1,,,10,10,1,2,,2,,4,2,2,2,2,2,1,3,5,1,0,0,0,0,0,1,1,1,0,0,0,0,0
443,442,1,1,4,1,1,1,,,8,8,3,3,,3,,3,1,2,2,2,2,2,1,5,0,0,0,1,0,0,5,5,5,0,1,0,0,1
444,443,1,1,5,2,2,,2,,2,3,7,,2,,2,3,2,2,2,2,2,4,1,5,1,0,0,0,0,0,1,1,4,1,0,0,0,0
445,444,1,1,3,1,2,,1,,8,1,0,,1,,2,3,1,1,1,1,1,1,2,5,0,1,0,0,0,0,4,5,1,1,0,0,0,0
446,445,1,1,3,2,1,1,,,9,7,2,1,,1,,3,2,2,2,2,2,3,1,6,0,0,0,0,0,1,4,4,5,0,0,0,0,0
447,446,1,1,5,1,1,1,,,7,8,2,1,,2,,3,1,2,2,1,1,1,2,2,1,0,0,0,0,0,1,5,4,0,1,1,0,0
448,447,1,1,5,1,1,1,,,6,7,3,,2,,1,3,2,2,2,2,2,3,1,5,1,0,0,0,0,0,1,5,4,1,0,0,0,0
449,448,1,1,3,1,3,,,3,6,1,2,,2,,2,3,2,2,2,1,1,1,2,3,1,0,0,0,0,0,4,4,5,1,0,0,0,0
450,449,1,1,4,1,2,,1,,7,4,4,2,,2,,3,2,2,2,1,1,1,3,5,1,0,0,0,0,0,1,4,4,0,0,0,0,0
451,450,1,1,3,2,2,,1,,8,4,8,1,,2,,3,1,2,2,1,1,1,1,5,0,0,0,1,0,0,4,1,4,0,1,0,0,1
452,451,1,1,4,2,1,1,,,10,10,9,,1,,1,3,2,2,2,1,1,1,3,5,1,0,0,0,0,0,1,4,1,1,0,0,0,0
453,452,1,1,3,1,2,,1,,9,9,10,1,,2,,3,1,1,1,2,2,3,5,6,0,1,0,0,0,0,5,4,4,0,0,0,0,0
454,453,1,1,3,1,1,1,,,8,8,2,,2,,1,3,2,2,2,1,1,1,3,5,1,0,0,0,0,0,4,4,4,1,0,0,0,0
455,454,1,1,3,1,1,1,,,8,8,4,2,,1,,3,2,2,2,1,1,1,3,5,1,0,0,0,0,0,1,4,1,0,0,0,0,0
456,160,1,1,3,1,2,,1,,8,2,10,2,,1,,3,1,2,2,1,1,3,1,5,1,0,0,0,0,0,4,5,1,0,1,1,1,1
457,455,1,1,3,1,1,1,,,9,8,6,1,,1,,3,2,2,2,2,2,4,1,6,1,0,0,0,0,0,5,5,5,0,0,0,0,0
458,456,1,1,3,1,2,,1,,8,2,10,,2,,3,3,1,2,2,1,1,2,4,5,1,0,0,0,0,0,1,4,5,1,0,0,0,0
459,457,1,1,3,2,1,1,,,7,8,7,,3,,2,3,2,2,2,2,2,3,2,5,1,0,0,0,0,0,4,5,4,1,0,0,0,0
460,458,1,1,3,1,1,1,,,9,,,,1,,2,1,1,1,1,1,1,2,3,6,1,0,0,0,0,0,1,4,1,1,0,0,0,0
461,459,1,1,3,1,3,,,2,4,4,2,,1,,2,3,2,2,2,2,2,2,1,6,1,0,0,0,0,0,4,1,4,1,1,0,0,1
462,460,1,1,3,1,4,,,1,5,1,1,1,,1,,3,2,2,2,2,2,4,4,3,1,0,0,0,0,0,1,1,4,0,0,0,0,0
463,461,1,1,4,2,1,1,,,8,8,0,,2,,2,3,2,2,2,2,2,4,1,4,1,0,0,0,0,0,1,1,4,1,0,0,0,0
464,462,1,1,5,2,1,1,,,8,10,0,1,,1,,3,2,2,2,2,2,4,1,5,0,1,0,0,0,0,1,4,5,0,0,0,0,0
465,463,1,1,3,2,1,1,,,10,10,4,1,,1,,3,2,2,2,2,1,2,1,6,1,0,0,0,0,0,1,1,1,0,0,0,0,0
466,464,1,1,6,2,2,,1,,9,2,7,,2,,2,1,2,2,2,2,2,4,1,2,1,0,0,0,0,0,1,1,4,1,0,0,0,0
467,465,1,1,6,2,1,1,,,9,9,1,,2,,2,3,2,2,2,2,2,4,1,3,1,0,0,0,0,0,4,4,5,1,0,0,0,0
468,466,1,1,3,1,1,1,,,7,6,7,,2,,1,3,2,2,2,2,2,4,1,5,1,0,0,0,0,0,4,5,5,1,1,1,0,0
469,467,1,1,3,1,1,1,,,8,9,4,1,,2,,2,1,2,2,1,2,2,3,5,1,0,0,0,0,0,4,1,4,0,0,0,0,0
470,468,1,1,4,2,2,,1,,9,5,8,1,,2,,2,1,2,2,1,1,1,3,6,1,1,1,1,1,1,1,4,1,0,1,0,0,1
471,469,1,1,4,2,1,1,,,7,5,7,2,,1,,3,1,1,1,1,1,3,3,5,1,0,0,0,0,0,4,1,4,0,0,0,0,0
472,470,1,1,5,1,1,2,,,8,6,2,1,,1,,3,2,2,2,2,2,4,1,6,0,1,0,0,0,0,1,1,4,0,0,0,0,0
473,471,1,1,3,1,3,,,1,8,4,5,1,,1,,2,2,2,2,2,2,4,1,3,1,0,0,0,0,0,1,1,4,0,0,0,0,0
474,472,1,1,4,1,2,,1,,10,10,10,2,,1,,3,2,2,2,1,1,1,3,5,1,0,0,0,0,0,1,4,1,0,0,0,0,0
475,473,1,1,3,1,2,,1,,8,8,4,,2,,3,3,2,2,2,2,2,2,5,5,1,0,0,0,0,0,5,5,4,1,1,0,0,1
476,474,1,1,5,2,1,1,,,7,8,8,,1,,2,4,1,1,1,1,1,1,1,6,1,0,0,0,0,0,4,5,4,1,0,0,0,0
477,475,1,1,3,2,3,,,1,6,5,8,1,,1,,5,2,2,2,2,2,2,1,5,1,0,0,0,0,0,5,4,5,0,0,0,0,0
478,476,1,1,3,1,2,,2,,6,2,7,1,,2,,1,2,2,2,2,2,1,2,6,1,0,0,0,0,0,1,1,1,0,1,0,0,1
479,477,1,1,7,2,2,,2,,4,4,6,,2,,2,2,2,1,1,2,2,4,1,5,1,0,0,0,0,0,1,1,4,1,0,0,0,0
480,478,1,1,3,2,2,,1,,8,4,9,3,,3,,3,1,2,2,1,1,2,1,5,1,0,0,0,0,0,5,4,5,0,0,0,0,0
481,479,1,1,3,2,1,1,,,7,1,2,,1,,2,2,1,1,1,2,1,2,2,6,1,0,0,0,0,0,4,5,4,1,0,0,0,0
482,480,1,1,4,1,2,,2,,7,0,6,1,,1,,2,2,2,2,2,2,4,2,5,0,0,0,1,0,0,1,1,4,0,0,0,0,0
483,481,1,1,4,1,1,1,,,9,10,6,,1,,1,3,1,2,2,2,2,4,2,6,1,0,0,0,0,0,1,4,1,1,0,0,0,0
484,482,1,1,3,2,2,,1,,7,3,10,,2,,2,3,1,1,1,1,2,4,3,5,0,1,0,0,0,0,1,5,1,1,1,0,0,1
485,483,1,1,3,1,1,1,,,9,9,9,2,,2,,3,1,1,1,1,1,1,4,5,1,0,0,0,0,0,4,1,1,0,0,0,0,0
486,484,1,1,3,1,1,2,,,6,8,2,2,,2,,3,2,2,2,2,2,4,2,5,1,0,0,0,0,0,4,4,4,0,0,0,0,0
487,485,1,1,6,1,3,,,2,8,6,7,,2,,2,3,2,2,2,1,1,2,3,5,1,0,0,0,0,0,1,1,1,1,0,0,0,0
488,486,1,1,5,2,1,1,,,6,7,7,,1,,1,3,2,2,2,2,2,1,2,6,1,0,0,0,0,0,4,5,5,1,0,0,0,0
489,487,1,1,3,1,2,,1,,9,6,9,1,,1,,4,1,1,1,1,2,3,4,5,1,0,0,0,0,0,4,1,4,0,0,0,0,0
490,488,1,1,3,1,1,1,,,7,7,8,1,,1,,2,1,1,1,1,1,2,1,5,0,1,0,0,0,0,1,4,4,0,0,0,0,0
491,489,1,1,3,1,3,,,1,9,7,7,,1,,1,3,1,1,1,1,1,1,5,2,1,1,1,1,1,1,1,4,1,1,0,0,0,0
492,490,1,1,4,1,2,,1,,6,3,8,,1,,1,2,2,2,2,2,2,4,1,5,1,0,0,0,0,0,1,1,4,1,0,0,0,0
493,491,1,1,3,1,2,,2,,6,3,8,,3,,3,3,2,2,2,2,2,3,1,6,0,1,0,0,0,0,4,5,4,1,0,0,0,0
494,492,1,1,3,1,1,1,,,7,7,8,,1,,2,2,1,1,1,1,1,1,1,5,0,1,0,0,0,0,5,4,5,1,0,0,0,0
495,493,1,1,3,2,1,1,,,8,9,6,1,,2,,3,2,2,2,2,2,1,3,5,1,0,0,0,0,0,1,1,1,0,0,0,0,0
496,494,1,1,4,1,4,,,3,6,1,4,2,,2,,2,2,2,1,2,2,1,1,4,1,0,1,0,0,0,1,1,4,0,0,0,0,0
497,495,1,1,4,1,2,,1,,6,0,10,1,,1,,2,2,2,2,2,2,3,1,3,1,0,0,0,0,0,1,4,1,0,0,0,0,0
498,496,1,1,3,2,1,1,,,9,7,2,,1,,1,4,2,2,2,2,2,4,1,2,1,0,0,0,0,0,5,5,5,1,0,0,0,0
499,497,1,1,3,2,3,,,2,8,8,0,2,,1,,4,2,2,2,2,2,2,1,5,1,0,0,0,0,0,4,1,5,0,0,0,0,0
500,498,1,1,3,1,2,,1,,9,9,9,1,,2,,3,1,1,1,1,1,2,2,6,1,0,0,0,0,0,4,4,4,0,0,0,0,0
501,499,1,1,5,1,1,2,,,7,7,5,,1,,1,2,2,2,2,2,2,4,1,6,1,0,0,0,0,0,1,4,4,1,1,1,0,0
502,160,1,1,3,1,1,1,,,8,7,3,1,,2,,3,2,2,2,2,2,2,1,4,1,0,0,0,0,0,1,4,4,0,1,1,1,1
503,500,1,1,3,1,2,,1,,10,5,9,,1,,2,3,2,2,2,2,2,3,1,5,1,0,0,0,0,0,1,4,5,1,0,0,0,0
504,501,1,1,3,2,2,,1,,7,8,7,2,,1,,3,2,1,1,1,1,4,2,5,1,0,0,0,0,0,4,5,4,0,0,0,0,0
505,502,1,1,5,1,2,,1,,9,0,9,,2,,2,3,2,2,2,2,2,4,1,5,1,0,0,0,0,0,1,1,1,1,0,0,0,0
506,503,1,1,4,1,2,,1,,9,6,9,,2,,1,3,2,2,2,2,1,4,3,6,0,1,0,0,0,0,4,4,5,1,0,0,0,0
507,504,1,1,5,1,2,,1,,6,4,4,,2,,2,2,1,1,1,1,1,4,5,6,1,0,0,0,0,0,4,5,4,1,0,0,0,0
508,505,1,1,3,1,1,1,,,7,6,4,,1,,1,3,2,2,2,1,1,1,2,5,1,0,0,0,0,0,1,1,4,1,0,0,0,0
509,506,1,1,3,2,2,,1,,8,0,10,,2,,2,3,2,2,2,2,2,4,1,5,1,0,0,0,0,0,1,1,1,1,0,0,0,0
510,507,1,1,3,2,1,2,,,7,9,0,,1,,2,2,2,2,2,2,2,4,1,3,0,1,0,0,0,0,4,5,4,1,0,0,0,0
511,508,1,1,5,1,2,,1,,6,4,4,,2,,2,3,1,2,2,1,1,4,5,6,1,0,0,0,0,0,4,5,4,1,1,0,0,1
512,509,1,1,7,1,1,1,,,7,10,0,2,,2,,3,2,2,2,2,2,4,1,6,0,0,0,1,0,0,1,1,4,0,0,0,0,0
513,510,1,1,3,1,1,1,,,7,9,3,2,,1,,3,1,2,2,2,2,1,1,5,1,0,0,0,0,0,5,5,4,0,0,0,0,0
514,511,1,1,5,1,3,,,2,8,9,7,2,,1,,3,2,2,2,1,1,2,2,5,1,0,0,0,0,0,4,1,4,0,0,0,0,0
515,512,1,1,6,1,2,,1,,8,5,9,,1,,1,3,2,2,2,1,1,2,2,5,1,0,0,0,0,0,5,5,5,1,0,0,0,0
516,513,1,1,6,2,1,1,,,8,8,4,2,,2,,3,2,2,2,2,2,4,1,5,1,0,0,0,0,0,4,4,4,0,0,0,0,0
517,514,1,1,3,1,1,1,,,8,6,6,,2,,1,3,1,2,2,2,2,2,5,6,0,0,1,0,0,0,1,4,5,1,0,0,0,0
518,515,1,1,3,1,2,,1,,7,8,8,2,,1,,2,1,1,1,1,2,3,3,5,1,0,0,0,0,0,4,1,1,0,0,0,0,0
519,516,1,1,3,1,2,,1,,9,7,7,,1,,1,3,2,2,2,2,2,4,5,5,0,1,0,0,0,0,1,1,1,1,1,1,0,0
520,517,1,1,3,1,1,1,,,8,8,8,1,,1,,3,1,2,2,1,1,1,3,6,1,0,0,0,0,0,1,1,1,0,0,0,0,0
521,518,1,1,3,2,1,1,,,7,8,7,,2,,2,3,2,2,2,2,2,3,3,6,1,0,0,0,0,0,4,4,1,1,0,0,0,0
522,519,1,1,3,1,3,,,1,8,3,6,1,,1,,4,2,2,2,2,2,1,1,4,1,0,0,0,0,0,1,5,1,0,0,0,0,0
523,520,1,1,3,1,1,1,,,7,7,7,,2,,1,4,2,2,2,2,2,2,5,5,0,1,0,0,0,0,4,1,4,1,0,0,0,0
524,521,1,1,5,2,1,1,,,9,10,0,2,,2,,3,2,2,2,2,2,4,1,4,1,0,0,0,0,0,1,1,4,0,0,0,0,0
525,522,1,1,3,2,1,1,,,8,9,3,2,,2,,3,2,2,2,2,2,3,1,5,1,0,0,0,0,0,4,5,4,0,1,0,0,1
526,523,1,1,3,1,2,,1,,9,9,8,2,,1,,2,1,1,1,1,1,1,2,6,0,1,0,0,0,0,4,5,4,0,0,0,0,0
527,524,1,1,3,1,3,,,1,9,9,8,1,,2,,2,1,1,1,1,2,2,2,6,1,0,0,0,0,0,4,5,4,0,0,0,0,0
528,525,1,1,4,1,2,,2,,7,6,7,,1,,2,3,2,2,2,2,2,3,1,5,1,0,0,0,0,0,4,4,4,1,0,0,0,0
529,526,1,1,4,1,2,,1,,9,3,8,1,,1,,3,1,1,1,1,1,2,4,5,0,1,0,0,0,0,1,1,1,0,0,0,0,0
530,527,1,1,3,2,3,,,1,2,3,3,,2,,2,2,2,2,2,2,2,2,1,5,1,0,0,0,0,0,4,1,4,1,0,0,0,0
531,528,1,1,4,2,2,,2,,6,6,9,,2,,2,2,2,2,2,2,2,1,1,6,1,0,0,0,0,0,4,5,5,1,0,0,0,0
532,529,1,1,4,2,3,,,2,8,6,2,1,,1,,3,2,2,2,2,2,1,1,5,1,0,0,0,0,0,1,1,4,0,0,0,0,0
533,530,1,1,3,1,1,1,,,7,8,3,,1,,1,4,2,2,2,2,2,2,2,5,1,0,0,0,0,0,5,5,5,1,0,0,0,0
534,531,1,1,3,1,3,,,2,10,10,10,,2,,2,2,1,1,1,1,1,1,3,8,0,1,0,0,0,0,5,4,4,1,0,0,0,0
535,532,1,1,3,2,3,,,3,7,7,4,,1,,1,2,2,2,2,2,2,1,1,5,1,0,0,0,0,0,4,5,5,1,0,0,0,0
536,533,1,1,3,1,1,1,,,8,9,8,1,,2,,3,2,2,2,2,2,3,3,5,1,0,0,0,0,0,1,4,4,0,0,0,0,0
537,534,1,1,6,1,3,,,1,9,5,6,,2,,2,2,2,2,2,2,2,4,1,8,1,0,0,0,0,0,5,5,5,1,0,0,0,0
538,535,1,1,3,1,2,,1,,8,7,8,,2,,1,3,1,1,2,1,2,4,1,5,1,0,0,0,0,0,4,5,4,1,0,0,0,0
539,536,1,1,3,1,1,1,,,9,7,6,1,,1,,4,1,1,1,1,1,2,5,6,1,0,0,0,0,0,4,5,4,0,0,0,0,0
540,537,1,1,3,1,1,1,,,8,10,5,1,,2,,5,2,2,2,2,2,4,3,6,1,0,0,0,0,0,1,4,1,0,0,0,0,0
541,538,1,1,4,2,1,2,,,1,8,2,2,,1,,3,2,2,2,2,2,4,1,6,0,0,0,1,0,0,4,4,4,0,0,0,0,0
542,539,1,1,3,1,2,,1,,8,6,10,,2,,2,2,1,1,2,1,2,2,3,5,0,1,0,0,0,0,4,5,4,1,0,0,0,0
543,540,1,1,4,2,1,1,,,6,8,2,2,,2,,3,2,2,2,2,2,4,1,3,1,0,0,0,0,0,4,4,4,0,0,0,0,0
544,541,1,1,3,2,1,1,,,10,7,9,,2,,1,2,2,2,2,1,1,2,5,5,1,0,0,0,0,0,4,4,4,1,0,0,0,0
545,542,1,1,4,2,2,,2,,8,3,9,2,,2,,4,2,2,2,2,2,4,1,4,1,0,0,0,0,0,4,1,4,0,0,0,0,0
546,543,1,1,4,2,3,,,2,10,4,0,2,,2,,2,2,2,2,2,2,4,1,5,1,0,0,0,0,0,4,4,5,0,0,0,0,0
547,544,1,1,4,1,1,1,,,7,6,1,2,,1,,3,2,2,2,2,2,4,1,3,1,0,0,0,0,0,5,4,5,0,0,0,0,0
548,545,1,1,2,3,1,2,,,10,7,1,1,,1,,3,2,1,1,2,2,4,1,3,1,0,0,0,0,0,5,5,4,0,0,0,0,0
549,164,1,1,3,2,2,,1,,9,2,8,1,,1,,3,2,2,2,2,2,3,5,5,1,0,0,0,0,0,5,5,5,0,1,1,0,0
550,546,1,1,3,1,2,,1,,10,7,8,,1,,1,3,2,2,2,2,2,3,4,6,0,1,0,0,0,0,4,5,5,1,0,0,0,0
551,547,1,1,7,1,2,,1,,8,3,8,,2,,2,4,2,2,2,2,2,2,1,5,0,1,0,0,0,0,4,1,4,1,0,0,0,0
552,548,1,1,7,1,3,,,1,9,1,5,,2,,2,3,2,2,2,2,2,4,1,5,1,0,0,0,0,0,1,1,1,1,0,0,0,0
553,549,1,1,3,1,1,1,,,8,7,4,,2,,2,3,2,2,2,2,2,1,1,5,1,0,0,0,0,0,5,5,5,1,0,0,0,0
554,550,1,1,3,1,1,1,,,9,9,10,1,,2,,3,1,1,1,1,1,1,1,6,1,0,0,0,0,0,1,4,1,0,0,0,0,0
555,551,1,1,3,2,2,,1,,7,7,9,,2,,1,3,2,2,2,1,2,2,2,5,1,0,0,0,0,0,4,1,4,1,0,0,0,0
556,552,1,1,3,2,3,,,1,2,1,5,1,,1,,2,2,2,2,2,2,4,1,5,1,0,0,0,0,0,4,1,4,0,0,0,0,0
557,553,1,1,5,2,3,,,1,9,9,8,,1,,1,3,1,1,1,1,2,3,3,6,1,0,0,0,0,0,4,1,1,1,0,0,0,0
558,554,1,1,4,2,1,1,,,9,8,6,,2,,3,2,2,2,2,2,2,4,1,2,1,0,0,0,0,0,4,1,5,1,0,0,0,0
559,555,1,1,3,1,1,1,,,9,8,9,,1,,2,3,2,2,2,2,2,2,4,5,1,0,0,0,0,0,4,1,4,1,1,0,1,0
560,556,1,1,4,1,3,,,3,1,4,4,2,,2,,3,2,2,2,2,2,2,1,4,1,0,0,0,0,0,1,1,4,0,0,0,0,0
561,557,1,1,3,1,2,,1,,5,3,7,1,,2,,3,2,2,2,1,2,1,3,5,1,0,0,0,0,0,1,4,4,0,0,0,0,0
562,558,1,1,4,1,1,1,,,8,10,0,,1,,2,3,2,2,2,2,2,3,4,5,0,0,0,0,1,0,1,4,1,1,0,0,0,0
563,559,1,1,3,2,1,1,,,9,10,4,,2,,3,3,2,2,2,2,2,1,1,5,1,0,0,0,0,0,1,4,4,1,0,0,0,0
564,560,1,1,5,2,1,1,,,4,6,3,1,,2,,2,1,2,2,2,2,1,3,5,1,0,0,0,0,0,1,4,4,0,0,0,0,0
565,561,1,1,3,1,2,,1,,9,9,8,1,,2,,3,1,2,2,2,2,2,4,5,0,1,0,0,0,0,1,1,1,0,0,0,0,0
566,562,1,1,2,1,2,,2,,6,7,6,1,,2,,3,1,2,2,2,2,2,3,5,0,1,0,0,0,0,1,4,5,0,0,0,0,0
567,563,1,1,5,2,3,,,2,8,7,6,,1,,1,3,2,2,2,2,2,4,1,3,1,0,0,0,0,0,1,1,4,1,0,0,0,0
568,564,1,1,4,2,2,,2,,9,0,10,,3,,3,2,2,2,2,2,2,4,5,3,1,0,0,0,0,0,5,5,4,1,0,0,0,0
569,565,1,1,2,2,1,1,,,10,10,0,3,,1,,3,2,2,2,2,2,3,1,3,1,0,0,0,0,0,4,4,4,0,0,0,0,0
570,566,1,1,6,1,2,,1,,7,6,8,,2,,2,3,2,2,2,2,2,2,3,6,1,1,0,0,0,0,1,4,4,1,0,0,0,0
571,567,1,1,3,2,1,1,,,10,9,7,,2,,1,3,2,2,2,2,2,3,1,5,1,0,0,0,0,0,1,4,1,1,1,1,0,0
572,568,1,1,4,2,2,,1,,7,10,9,1,,1,,2,1,1,1,1,1,1,4,5,0,1,0,0,0,0,1,4,5,0,0,0,0,0
573,569,1,1,3,1,2,,1,,9,9,8,1,,1,,3,1,2,1,1,1,1,2,6,1,0,0,0,0,0,1,1,4,0,0,0,0,0
574,570,1,1,5,1,2,,1,,10,10,10,,2,,2,3,1,1,1,1,1,2,2,5,0,1,0,0,0,0,4,4,4,1,1,1,0,0
575,571,1,1,4,1,3,,,3,6,5,5,,1,,1,3,2,2,2,2,2,4,1,5,1,0,0,0,0,0,4,4,4,1,0,0,0,0
576,572,1,1,3,1,1,1,,,8,2,8,1,,2,,3,1,2,1,1,1,1,3,5,1,1,0,1,1,1,4,1,4,0,0,0,0,0
577,573,1,1,5,1,2,,1,,9,5,10,2,,2,,3,1,2,2,2,2,2,4,5,1,0,0,0,0,0,4,4,4,0,0,0,0,0
578,574,1,1,3,1,3,,,2,8,7,7,,2,,2,3,1,1,1,1,1,1,3,5,1,0,0,0,0,0,4,5,4,1,0,0,0,0
579,575,1,1,4,1,1,2,,,5,8,1,2,,1,,3,2,2,2,2,2,4,1,3,1,0,0,0,0,0,1,4,4,0,0,0,0,0
580,576,1,1,3,1,3,,,1,9,2,6,1,,1,,3,2,2,2,2,2,4,1,5,1,0,0,0,0,0,1,1,4,0,0,0,0,0
581,577,1,1,7,1,4,,,3,8,4,1,2,,2,,4,2,2,2,2,2,4,1,3,1,0,0,0,0,0,4,5,5,0,0,0,0,0
582,578,1,1,4,2,2,,1,,7,7,7,,2,,2,3,1,2,2,2,2,1,3,6,0,1,1,0,0,0,4,5,4,1,0,0,0,0
583,579,1,1,4,1,3,,,3,10,5,1,,2,,2,4,2,2,2,2,2,4,1,5,1,0,0,0,0,0,4,4,4,1,0,0,0,0
584,580,1,1,3,2,1,2,,,9,10,5,2,,2,,3,2,2,2,2,2,4,1,4,1,0,0,0,0,0,5,5,5,0,0,0,0,0
585,581,1,1,7,1,1,1,,,10,10,7,2,,3,,3,2,2,2,2,1,2,1,5,0,1,0,0,0,0,1,1,4,0,0,0,0,0
586,582,1,1,3,1,2,,1,,9,7,8,1,,2,,3,2,2,2,1,1,2,3,5,0,1,0,0,0,0,1,4,1,0,0,0,0,0
587,583,1,1,3,1,1,1,,,7,7,7,,1,,2,3,1,1,1,1,1,1,3,6,0,1,0,0,0,0,4,5,4,1,0,0,0,0
588,584,1,1,6,2,2,,1,,8,3,10,1,,1,,3,2,2,2,2,2,1,2,6,0,1,0,0,0,0,1,1,1,0,0,0,0,0
589,585,1,1,4,2,3,,,3,7,6,6,3,,2,,2,1,1,1,1,1,3,3,3,0,1,0,0,0,0,4,5,4,0,0,0,0,0
590,586,1,1,6,1,2,,1,,7,6,6,2,,2,,3,2,2,2,2,1,1,3,5,1,0,0,0,0,0,4,4,4,0,0,0,0,0
591,587,1,1,4,1,2,,1,,8,4,8,,1,,1,3,2,2,2,2,2,2,4,5,1,0,0,0,0,0,4,1,4,1,1,1,0,0
592,588,1,1,7,1,1,1,,,10,10,0,2,,2,,2,2,2,2,2,2,4,1,5,1,0,0,0,0,0,4,1,4,0,0,0,0,0
593,589,1,1,6,1,3,,,2,6,3,1,,2,,2,3,2,2,2,2,2,4,1,6,1,0,0,0,0,0,4,4,4,1,0,0,0,0
594,590,1,1,2,1,1,1,,,9,8,7,1,,1,,3,1,2,2,2,2,3,1,5,0,1,0,0,0,0,1,1,1,0,0,0,0,0
595,591,1,1,6,2,2,,1,,10,10,8,2,,1,,3,1,1,1,1,1,2,2,2,1,0,0,0,0,0,5,4,5,0,0,0,0,0
596,592,1,1,3,1,2,,1,,10,0,10,2,,2,,3,2,2,2,2,2,2,3,6,0,1,0,0,0,0,1,4,4,0,0,0,0,0
597,593,1,1,6,1,3,,,1,7,3,3,1,,1,,3,2,2,2,2,2,4,1,3,1,0,0,0,0,0,1,1,4,0,0,0,0,0
598,594,1,1,3,1,3,,,2,7,5,8,,1,,3,3,2,2,2,2,2,2,2,5,1,0,0,0,0,0,4,5,5,1,0,0,0,0
599,595,1,1,5,1,2,,1,,10,3,8,,1,,2,3,2,2,2,2,2,4,1,5,1,0,0,0,0,0,5,5,4,1,0,0,0,0
600,596,1,1,3,1,2,,1,,9,7,8,,2,,3,2,1,1,1,1,1,3,4,6,0,1,0,0,0,0,4,5,4,1,0,0,0,0
601,597,1,1,3,1,2,,1,,10,7,10,,1,,2,3,2,2,2,1,1,2,4,6,0,1,0,0,0,0,1,4,4,1,0,0,0,0
602,598,1,1,5,2,1,2,,,9,8,0,2,,3,,3,2,2,2,2,2,3,1,3,1,0,0,0,0,0,5,5,5,0,0,0,0,0
603,599,1,1,4,1,2,,1,,8,4,10,,1,,1,1,2,2,2,2,2,2,2,5,1,0,0,0,0,0,1,1,4,1,1,1,0,0
604,600,1,1,3,2,2,,1,,7,7,5,,2,,1,3,2,2,2,1,1,1,1,6,1,0,0,0,0,0,4,1,5,1,0,0,0,0
605,601,1,1,4,2,1,2,,,6,6,4,,1,,1,2,2,2,2,2,2,4,1,5,1,0,0,0,0,0,4,4,4,1,0,0,0,0
606,602,1,1,5,2,1,1,,,7,9,7,2,,2,,3,2,2,2,2,2,1,3,6,1,0,0,0,0,0,4,4,4,0,0,0,0,0
607,603,1,1,2,2,1,1,,,10,10,0,2,,1,,3,2,2,2,2,2,4,1,6,1,0,0,1,0,0,4,4,5,0,0,0,0,0
608,604,1,1,7,2,2,,2,,10,2,7,2,,2,,4,2,2,2,2,2,4,1,5,1,0,0,0,0,0,1,1,1,0,0,0,0,0
609,605,1,1,4,4,3,,,3,7,2,8,1,,2,,1,2,2,2,2,2,4,1,5,0,0,0,0,0,1,4,1,1,0,0,0,0,0
610,606,1,1,3,1,3,,,3,6,1,1,,2,,3,3,2,1,2,2,2,2,3,5,1,0,0,0,0,0,5,5,5,1,0,0,0,0
611,607,1,1,5,2,2,,2,,6,2,6,1,,1,,3,2,2,2,2,2,4,1,4,0,0,0,1,0,0,1,1,1,0,0,0,0,0
612,608,1,1,5,2,1,1,,,2,9,0,2,,2,,3,2,2,2,2,2,4,1,4,1,0,0,0,0,0,5,5,5,0,0,0,0,0
613,609,1,1,4,2,1,1,,,3,10,0,2,,3,,3,2,2,2,2,2,4,1,5,0,0,0,1,0,0,4,5,5,0,0,0,0,0
614,610,1,1,7,2,3,,,2,7,7,2,2,,3,,3,2,1,1,2,2,4,1,5,1,0,0,0,0,0,1,1,5,0,0,0,0,0
615,611,1,1,2,1,2,,1,,6,7,4,,2,,1,3,2,2,2,2,2,1,3,5,1,0,0,0,0,0,4,1,5,1,0,0,0,0
616,612,1,1,4,2,1,1,,,7,8,5,3,,3,,3,2,2,2,2,2,2,1,5,1,0,0,0,0,0,5,5,5,0,0,0,0,0
617,613,1,1,3,2,2,,1,,10,3,10,,1,,3,3,2,2,2,2,2,3,1,5,1,0,0,0,0,0,1,4,5,1,0,0,0,0
618,614,1,1,4,2,2,,1,,10,4,7,,1,,2,2,1,1,1,2,1,2,1,5,0,1,0,0,0,0,4,5,5,1,1,0,0,1
619,615,1,1,3,2,1,1,,,10,10,7,,2,,1,2,2,2,2,2,2,2,3,6,1,0,0,0,0,0,4,5,1,1,0,0,0,0
620,616,1,1,4,1,1,1,,,7,7,7,3,,3,,3,2,2,2,2,2,1,1,6,0,0,0,1,0,0,5,5,5,0,1,0,0,1
621,617,1,1,3,1,1,1,,,8,7,10,1,,2,,2,1,1,1,1,1,3,2,6,0,1,0,0,0,0,5,4,5,0,0,0,0,0
622,618,1,1,4,1,3,,,3,8,0,0,,1,,2,3,2,2,2,2,2,4,1,6,1,0,0,0,0,0,1,5,4,1,0,0,0,0
623,619,1,1,3,2,1,1,,,9,9,6,2,,1,,3,2,2,2,2,2,4,2,6,1,0,0,0,0,0,4,1,1,0,0,0,0,0
624,620,1,1,4,1,1,2,,,8,8,3,,2,,2,3,2,2,2,2,2,4,1,5,1,0,0,0,0,0,4,5,4,1,1,0,1,1
625,621,1,1,8,1,2,,1,,8,1,9,1,,1,,4,2,2,2,2,2,4,1,4,1,0,0,0,0,0,1,1,1,0,0,0,0,0
626,622,1,1,4,2,2,,1,,6,4,7,,1,,2,3,2,2,2,2,2,1,1,5,1,0,0,0,0,0,5,4,5,1,0,0,0,0
627,623,1,1,6,1,1,1,,,9,10,8,1,,2,,4,1,1,1,1,1,2,4,6,0,1,0,0,0,0,1,4,1,0,0,0,0,0
628,624,1,1,5,1,1,1,,,5,7,3,3,,2,,3,2,2,2,2,2,1,1,5,1,0,0,0,0,0,1,4,4,0,0,0,0,0
629,625,1,1,4,2,3,,,3,2,5,5,1,,1,,3,2,2,2,2,2,4,1,5,1,0,0,0,0,0,1,1,4,0,0,0,0,0
630,626,1,1,3,2,1,1,,,9,9,1,,1,,2,3,2,2,2,2,2,4,1,4,0,1,0,0,0,0,5,5,5,1,0,0,0,0
631,627,1,1,4,2,1,1,,,8,10,2,1,,1,,2,2,2,2,2,2,1,1,5,1,0,0,0,0,0,1,5,4,0,0,0,0,0
632,628,1,1,5,2,1,1,,,7,4,7,1,,2,,3,2,2,1,2,2,1,1,6,1,0,0,0,0,0,4,4,4,0,0,0,0,0
633,629,1,1,3,1,1,1,,,6,9,8,2,,1,,3,2,2,2,2,2,3,1,5,1,0,0,0,0,0,4,1,4,0,0,0,0,0
634,630,1,1,3,2,1,2,,,6,6,0,,2,,2,3,2,2,2,2,2,4,1,5,0,0,0,1,0,0,4,4,4,1,0,0,0,0
635,631,1,1,2,1,3,,,2,3,5,1,,2,,2,3,2,1,2,2,2,1,1,4,0,0,0,1,0,0,5,5,5,1,0,0,0,0
636,632,1,1,4,2,2,,1,,7,3,8,,1,,1,3,2,2,2,2,2,2,3,2,1,0,0,0,0,0,4,5,4,1,0,0,0,0
637,288,1,1,3,2,2,,1,,8,3,7,,1,,2,3,2,2,2,2,2,2,2,5,1,0,0,0,0,0,1,4,4,1,1,1,0,0
638,633,1,1,3,1,1,1,,,9,9,8,1,,2,,2,1,2,1,1,1,3,5,6,1,0,0,0,0,0,4,5,1,0,0,0,0,0
639,634,1,1,2,2,1,1,,,6,10,1,,1,,1,3,2,2,2,2,2,3,1,5,1,0,0,0,0,0,5,5,5,1,0,0,0,0
640,635,1,1,4,2,2,,1,,8,8,9,,1,,1,3,1,1,1,1,1,1,1,2,0,1,0,0,0,0,1,1,1,1,0,0,0,0
641,636,1,1,4,1,2,,1,,9,0,10,,3,,3,4,2,2,2,2,2,1,1,5,1,0,0,0,0,0,1,1,1,1,0,0,0,0
642,637,1,1,4,1,2,,1,,7,9,8,,1,,1,3,2,2,2,2,1,2,5,5,1,0,0,0,0,0,4,5,4,1,0,0,0,0
643,638,1,1,3,1,1,1,,,9,9,9,,1,,2,2,1,2,1,1,1,3,4,6,1,0,0,0,0,0,4,4,5,1,0,0,0,0
644,639,1,1,6,2,2,,2,,4,0,6,,2,,2,3,2,2,2,2,2,3,1,5,0,0,0,1,0,0,4,4,4,1,0,0,0,0
645,640,1,1,5,2,1,1,,,7,7,4,,2,,2,3,1,2,2,2,2,3,2,5,1,0,0,0,0,0,4,1,4,1,0,0,0,0
646,641,1,1,4,1,2,,1,,8,9,10,,1,,1,4,1,1,1,1,1,2,3,5,0,1,0,0,0,0,4,1,1,1,1,1,0,0
647,642,1,1,3,1,1,2,,,8,8,3,1,,2,,3,2,2,2,2,2,2,5,5,0,1,0,0,0,0,1,4,1,0,0,0,0,0
648,643,1,1,3,2,1,2,,,8,7,2,,2,,2,2,2,2,2,2,2,4,1,3,1,0,0,0,0,0,1,1,1,1,0,0,0,0
649,644,1,1,3,1,4,,,2,9,7,3,2,,1,,3,2,2,2,2,2,3,1,5,0,0,0,1,0,0,5,4,4,0,0,0,0,0
650,645,1,1,3,2,1,1,,,4,10,3,1,,1,,4,2,2,2,1,1,1,1,6,1,0,0,0,0,0,4,1,4,0,1,0,0,1
651,646,1,1,6,1,2,,2,,8,2,7,2,,1,,3,2,2,2,2,2,4,1,3,1,0,0,0,0,0,1,1,4,0,0,0,0,0
652,647,1,1,3,1,3,,,1,6,7,4,,2,,2,3,1,2,2,1,1,1,2,6,1,0,0,0,0,0,4,5,5,1,0,0,0,0
653,648,1,1,5,1,2,,1,,7,3,7,1,,1,,3,2,2,2,2,2,2,1,6,1,0,0,0,0,0,5,5,4,0,0,0,0,0
654,649,1,1,4,1,2,,1,,9,7,10,1,,2,,3,1,2,2,2,2,1,4,6,1,0,0,0,0,0,1,5,4,0,0,0,0,0
655,650,1,1,3,1,1,1,,,8,7,2,2,,2,,4,2,2,2,2,2,3,3,5,1,0,0,0,0,0,4,1,4,0,0,0,0,0
656,567,1,1,3,2,1,1,,,10,7,4,1,,1,,3,1,1,1,1,1,1,3,5,1,1,1,1,1,0,1,1,1,0,1,1,0,0
657,651,1,1,5,2,3,,,2,6,8,5,1,,2,,3,1,2,2,1,1,1,3,5,1,1,1,1,1,1,1,4,4,0,0,0,0,0
658,652,1,1,3,1,2,,1,,8,3,10,1,,1,,2,2,2,2,2,2,4,1,5,1,0,0,0,0,0,4,5,4,0,0,0,0,0
659,653,1,1,4,2,2,,2,,6,1,8,2,,2,,3,2,2,2,2,2,4,1,6,1,0,0,0,0,0,1,1,4,0,0,0,0,0
660,654,1,1,3,1,1,1,,,8,9,3,,2,,2,3,2,2,2,2,2,4,1,7,0,0,0,1,0,0,5,5,5,1,0,0,0,0
661,655,1,1,3,1,1,1,,,7,8,2,2,,2,,2,2,2,2,2,2,3,3,5,1,0,0,0,0,0,4,1,5,0,0,0,0,0
662,656,1,1,7,1,3,,,1,9,0,7,,2,,2,3,2,2,2,2,2,4,1,3,1,0,0,0,0,0,1,1,4,1,0,0,0,0
663,657,1,1,4,2,3,,,3,10,1,0,,2,,2,3,2,2,2,2,2,4,1,4,1,0,0,0,0,0,5,5,5,1,0,0,0,0
664,658,1,1,5,1,3,,,2,7,8,3,,1,,2,3,2,2,2,2,2,4,1,5,0,0,0,1,0,0,4,4,4,1,0,0,0,0
665,659,1,1,4,2,1,1,,,5,8,8,1,,1,,3,2,2,2,2,1,1,1,6,0,0,0,0,0,1,1,4,1,0,0,0,0,0
666,660,1,1,4,1,2,,1,,8,7,9,1,,2,,3,1,1,1,2,1,2,2,6,1,0,0,0,0,0,5,4,5,0,0,0,0,0
667,661,1,1,3,1,2,,1,,8,3,6,2,,1,,3,2,2,2,2,1,1,1,6,1,0,0,0,0,0,4,5,4,0,1,0,0,1
668,229,1,1,3,1,1,1,,,9,6,8,2,,1,,2,2,2,2,2,2,3,3,6,1,0,0,0,0,0,1,4,5,0,1,1,0,0
669,662,1,1,3,1,1,1,,,8,9,10,,1,,2,2,1,1,1,1,1,2,2,6,1,0,0,0,0,0,1,1,1,1,0,0,0,0
670,663,1,1,3,2,2,,1,,8,4,8,,1,,2,3,1,2,2,1,1,1,1,5,0,0,0,1,0,0,1,4,4,1,1,0,0,1
671,664,1,1,4,1,1,1,,,7,7,1,,1,,2,3,2,2,2,2,2,4,5,5,0,1,0,0,0,0,1,1,4,1,0,0,0,0
672,665,1,1,3,1,2,,1,,8,8,7,2,,1,,3,2,2,2,2,2,4,3,6,0,1,0,0,0,0,4,5,4,0,0,0,0,0
673,666,1,1,6,1,1,2,,,8,7,5,,2,,1,4,2,2,2,2,2,4,1,5,1,0,0,0,0,0,1,1,4,1,0,0,0,0
674,667,1,1,3,1,2,,1,,10,10,10,1,,1,,2,1,1,1,1,1,2,1,6,1,1,1,1,1,1,5,5,5,0,0,0,0,0
675,668,1,1,5,2,1,1,,,7,8,8,2,,2,,3,2,2,2,2,2,1,2,5,1,0,0,0,0,0,4,1,5,0,0,0,0,0
676,669,1,1,2,1,1,2,,,3,7,3,,1,,1,3,2,2,2,2,2,2,1,3,1,0,0,0,0,0,4,4,5,1,0,0,0,0
677,670,1,1,4,1,2,,1,,7,6,10,,2,,2,3,1,2,2,2,2,1,2,5,1,0,0,0,0,0,5,5,4,1,0,0,0,0
678,671,1,1,3,1,2,,2,,4,3,3,2,,1,,3,1,2,2,2,2,1,3,5,1,0,0,0,0,0,5,5,4,0,0,0,0,0
679,499,1,1,3,2,1,1,,,10,9,7,,1,,2,3,1,2,2,2,1,2,5,4,1,0,0,0,0,0,4,1,5,1,1,1,0,0
680,672,1,1,3,2,3,,,2,4,6,4,1,,1,,3,2,2,2,2,2,2,1,6,1,0,0,0,0,0,1,1,1,0,0,0,0,0
681,673,1,1,5,1,1,1,,,8,8,7,,1,,2,3,2,2,2,1,1,2,5,5,0,1,0,0,0,0,1,4,4,1,0,0,0,0
682,674,1,1,3,2,1,1,,,9,9,9,,1,,2,3,2,2,2,2,2,3,1,7,1,0,0,0,0,0,4,5,1,1,0,0,0,0
683,675,1,1,3,2,2,,2,,7,3,8,,2,,1,3,2,2,2,2,2,2,4,5,1,0,0,0,0,0,4,5,4,1,0,0,0,0
684,676,1,1,2,1,1,2,,,2,6,0,1,,1,,3,2,2,2,2,2,2,1,3,1,0,0,0,0,0,4,4,5,0,0,0,0,0
685,677,1,1,3,1,2,,1,,7,3,6,2,,1,,2,1,1,1,1,1,2,3,6,1,0,0,0,0,0,5,4,4,0,0,0,0,0
686,678,1,1,5,2,3,,,2,5,7,3,,2,,2,3,2,1,2,2,2,2,1,4,1,0,0,0,0,0,5,4,5,1,0,0,0,0
687,679,1,1,3,2,1,1,,,8,10,6,2,,2,,3,2,2,2,2,2,4,1,5,0,1,0,0,0,0,1,4,4,0,0,0,0,0
688,680,1,1,3,1,2,,1,,10,8,7,,1,,1,3,1,1,1,2,2,3,5,6,0,1,0,0,0,0,4,1,5,1,0,0,0,0
689,681,1,1,6,1,2,,1,,8,0,10,,3,,2,3,2,2,2,2,2,4,1,6,1,0,0,0,0,0,1,1,1,1,0,0,0,0
690,682,1,1,5,1,2,,1,,7,4,9,,1,,2,3,2,2,2,2,1,2,3,5,1,0,0,0,0,0,4,5,5,1,0,0,0,0
691,683,1,1,3,1,1,2,,,8,7,8,,1,,2,3,2,2,2,2,2,4,4,5,1,0,0,0,0,0,1,1,4,1,0,0,0,0
692,684,1,1,2,1,3,,,3,7,0,0,2,,2,,4,2,2,2,2,2,2,1,2,0,1,0,0,0,0,5,4,5,0,0,0,0,0
693,685,1,1,6,2,2,,1,,7,7,9,,1,,2,3,1,2,2,1,1,2,2,2,0,1,0,0,0,0,4,1,4,1,0,0,0,0
694,686,1,1,3,2,2,,2,,5,0,7,,2,,2,3,2,2,2,2,2,4,1,5,1,0,0,0,0,0,1,1,4,1,0,0,0,0
695,687,1,1,6,1,2,,1,,9,4,9,,1,,2,2,1,1,1,1,1,1,1,5,0,1,0,0,0,0,1,4,1,1,0,0,0,0
696,688,1,1,5,2,1,1,,,7,6,6,2,,1,,3,1,2,1,1,1,2,3,6,0,1,0,0,0,0,4,4,4,0,0,0,0,0
697,689,1,1,5,2,3,,,3,8,2,2,,1,,1,3,2,2,2,2,2,3,1,6,1,0,0,0,0,0,1,1,4,1,0,0,0,0
698,690,1,1,3,1,2,,1,,10,8,10,,1,,2,4,1,2,1,2,1,1,5,6,1,0,0,0,0,0,4,1,4,1,0,0,0,0
699,691,1,1,4,1,3,,,2,6,4,0,2,,2,,3,2,2,1,2,2,1,1,5,1,0,0,0,0,0,4,4,4,0,0,0,0,0
700,692,1,1,3,2,3,,,1,8,6,6,1,,2,,2,1,1,1,1,1,1,3,5,0,1,0,0,0,0,4,4,1,0,0,0,0,0
701,693,1,1,4,2,2,,2,,8,3,3,,2,,1,2,2,2,2,2,2,4,1,5,1,0,0,0,0,0,1,1,4,1,0,0,0,0
702,694,1,1,6,1,2,,1,,10,10,10,1,,1,,3,1,2,2,2,2,1,3,5,0,1,0,0,0,0,1,1,1,0,0,0,0,0
703,695,1,1,6,1,1,1,,,10,10,9,,1,,1,1,1,2,2,2,2,4,1,5,1,0,0,0,0,0,5,4,4,1,0,0,0,0
704,696,1,1,4,1,3,,,1,8,3,5,,2,,2,3,2,2,2,2,2,4,1,5,1,0,0,0,0,0,1,1,1,1,0,0,0,0
705,697,1,1,7,1,2,,1,,8,7,7,,2,,1,2,1,1,2,1,1,1,2,6,0,1,0,0,0,0,4,1,5,1,0,0,0,0
706,698,1,1,3,1,2,,1,,3,4,7,1,,2,,3,2,2,1,1,1,1,3,5,1,0,0,0,0,0,1,1,4,0,0,0,0,0
707,699,1,1,4,1,1,1,,,7,8,7,,1,,2,3,1,2,2,2,2,1,4,5,0,1,0,0,0,0,1,1,4,1,0,0,0,0
708,700,1,1,3,3,1,1,,,9,9,0,1,,1,,2,2,2,2,2,2,4,1,4,0,0,0,1,0,0,1,1,4,0,0,0,0,0
709,701,1,1,6,1,2,,2,,7,0,7,2,,2,,1,2,2,2,2,2,4,1,2,1,0,0,0,0,0,5,5,5,0,0,0,0,0
710,702,1,1,4,1,3,,,3,5,4,6,2,,3,,3,2,2,2,2,2,1,2,4,1,0,0,0,0,0,1,1,4,0,0,0,0,0
711,703,1,1,3,2,2,,2,,6,7,6,,2,,1,2,1,2,1,1,2,2,1,4,1,0,0,0,0,0,1,4,5,1,1,0,1,0
712,704,1,1,3,1,1,1,,,10,10,7,,1,,1,3,1,1,1,1,1,2,4,5,1,0,0,0,0,0,1,1,1,1,0,0,0,0
713,705,1,1,4,1,2,,1,,8,7,8,,2,,1,3,1,2,2,2,1,2,3,5,1,0,0,0,0,0,4,5,4,1,0,0,0,0
714,706,1,1,4,2,1,1,,,9,3,0,,2,,1,3,2,2,2,2,2,4,1,6,1,0,0,0,0,0,4,4,4,1,0,0,0,0
715,707,1,1,3,1,3,,,2,8,6,1,,1,,1,3,2,2,2,2,2,4,1,5,1,0,0,0,0,0,4,4,5,1,0,0,0,0
716,708,1,1,6,1,1,2,,,10,8,0,2,,2,,3,2,2,2,2,2,4,1,6,1,0,0,0,0,0,5,5,5,0,0,0,0,0
717,709,1,1,3,2,1,1,,,7,9,1,2,,1,,3,2,2,2,2,1,2,1,5,1,0,0,0,0,0,5,5,5,0,0,0,0,0
718,710,1,1,4,1,1,1,,,7,8,7,1,,2,,3,2,2,2,1,1,1,3,5,1,0,0,0,0,0,5,4,5,0,1,0,0,1
719,711,1,1,3,2,3,,,1,5,2,2,2,,2,,2,2,2,2,2,2,3,1,4,1,0,0,0,0,0,5,5,5,0,0,0,0,0
720,712,1,1,3,1,2,,1,,9,3,7,2,,2,,3,2,2,2,2,2,2,3,6,1,0,0,0,0,0,1,1,4,0,0,0,0,0
721,713,1,1,3,1,1,1,,,8,10,7,2,,1,,2,2,2,2,2,1,2,1,5,1,0,0,0,0,0,1,4,4,0,1,0,0,1
722,714,1,1,7,2,2,,2,,8,3,7,,2,,2,4,2,2,2,2,2,4,1,2,1,0,0,0,0,0,1,1,4,1,0,0,0,0
723,715,1,1,4,1,2,,1,,7,9,7,,1,,2,3,2,2,2,2,2,1,1,5,1,0,0,0,0,0,4,4,5,1,1,0,0,1
724,716,1,1,3,2,1,2,,,4,8,3,,2,,1,3,2,1,2,2,2,3,2,5,0,0,0,0,0,1,1,1,4,1,0,0,0,0
725,717,1,1,6,2,1,1,,,9,9,0,2,,2,,4,2,2,2,2,2,4,1,5,1,0,0,0,0,0,5,5,4,0,0,0,0,0
726,718,1,1,4,1,2,,2,,8,4,7,2,,1,,3,2,2,2,2,2,4,2,5,1,0,0,0,0,0,4,5,4,0,0,0,0,0
727,719,1,1,3,2,2,,1,,9,8,9,1,,2,,3,1,1,1,2,2,2,3,5,0,1,0,0,0,0,4,1,1,0,0,0,0,0
728,720,1,1,4,1,3,,,1,7,7,7,2,,2,,3,1,1,1,1,1,2,3,5,1,0,0,0,0,0,4,5,1,0,0,0,0,0
729,721,1,1,4,1,3,,,2,7,5,2,,1,,1,3,2,2,2,2,2,4,1,4,0,1,0,0,0,0,5,5,4,1,0,0,0,0
730,722,1,1,4,1,3,,,1,10,10,8,1,,1,,4,1,2,2,2,2,1,5,6,1,0,0,0,0,0,1,1,1,0,0,0,0,0
731,723,1,1,2,2,1,2,,,6,7,3,1,,1,,3,2,2,2,2,2,1,1,5,0,0,0,1,0,0,4,4,5,0,0,0,0,0
732,724,1,1,2,1,1,1,,,7,8,1,2,,2,,3,2,2,2,2,2,4,2,3,1,0,0,0,0,0,1,1,4,0,0,0,0,0
733,725,1,1,3,1,1,1,,,10,10,8,,2,,3,3,2,2,2,2,2,2,1,5,1,0,0,0,0,0,1,4,1,1,0,0,0,0
734,726,1,1,5,2,1,1,,,9,7,6,3,,1,,3,1,1,1,1,1,2,4,5,0,1,0,0,0,0,4,5,4,0,0,0,0,0
735,727,1,1,3,2,3,,,1,2,2,2,,2,,2,4,2,1,2,2,2,4,1,2,1,0,0,0,0,0,1,1,5,1,0,0,0,0
736,728,1,1,4,1,1,1,,,10,10,10,,1,,2,3,1,1,1,1,1,1,2,5,0,1,0,0,0,0,1,1,1,1,0,0,0,0
737,729,1,1,6,2,3,,,2,8,6,2,1,,1,,3,2,2,2,2,2,4,1,6,0,0,0,1,0,0,5,5,5,0,0,0,0,0
738,730,1,1,7,2,2,,2,,5,3,5,2,,2,,3,2,2,2,2,2,4,1,6,1,0,0,0,0,0,1,1,1,0,0,0,0,0
739,731,1,1,5,1,2,,1,,8,9,10,2,,2,,3,1,1,1,1,1,4,3,3,0,1,1,0,0,0,4,5,1,0,0,0,0,0
740,732,1,1,4,2,2,,1,,10,4,9,1,,2,,1,2,2,2,2,1,1,3,6,0,1,0,0,0,0,5,4,5,0,0,0,0,0
741,733,1,1,3,2,3,,,1,9,8,8,3,,3,,2,1,1,1,1,1,2,3,6,0,1,0,0,0,0,5,4,5,0,0,0,0,0
742,734,1,1,6,1,2,,1,,9,9,9,1,,1,,2,1,2,2,1,1,1,2,5,1,0,0,0,0,0,4,1,4,0,0,0,0,0
743,735,1,1,3,1,3,,,3,6,0,0,2,,2,,3,2,2,2,2,2,4,1,5,1,0,0,0,0,0,4,4,4,0,0,0,0,0
744,736,1,1,3,2,3,,,3,8,7,7,2,,2,,2,2,2,2,2,2,4,1,3,1,0,0,0,0,0,5,5,4,0,0,0,0,0
745,737,1,1,2,2,2,,1,,7,6,4,1,,2,,2,1,1,1,1,1,3,4,5,1,0,0,0,0,0,4,1,5,0,0,0,0,0
746,738,1,1,6,1,1,1,,,8,9,9,1,,1,,3,2,2,2,1,1,1,3,5,0,1,0,0,0,0,1,4,4,0,0,0,0,0
747,160,1,1,3,1,2,,1,,7,3,10,,2,,2,3,1,2,2,1,1,3,1,5,1,0,0,0,0,0,1,4,5,1,1,1,1,1
748,739,1,1,5,2,1,1,,,9,3,8,1,,1,,3,1,1,1,1,1,1,1,6,1,0,0,0,0,0,4,4,4,0,0,0,0,0
749,740,1,1,3,2,3,,,2,6,8,7,,2,,2,3,1,2,2,2,2,2,1,5,1,0,0,0,0,0,4,4,5,1,0,0,0,0
750,741,1,1,3,2,2,,1,,7,7,8,,2,,3,3,2,2,2,1,2,2,3,6,0,1,0,0,0,0,4,1,4,1,0,0,0,0
751,742,1,1,5,2,2,,2,,10,1,7,1,,1,,3,2,2,2,2,2,3,1,5,1,0,0,0,0,0,1,1,4,0,0,0,0,0
752,743,1,1,4,2,3,,,1,7,7,8,2,,1,,3,1,1,1,1,1,1,3,5,0,1,0,0,0,0,4,5,4,0,0,0,0,0
753,744,1,1,3,1,1,1,,,3,7,1,,1,,1,3,2,2,2,2,2,4,1,6,0,0,0,0,0,1,1,1,4,1,0,0,0,0
754,745,1,1,4,1,2,,1,,9,7,7,,2,,2,1,2,2,2,2,2,1,3,5,0,1,0,0,0,0,4,4,4,1,0,0,0,0
755,746,1,1,5,1,1,1,,,6,9,2,2,,2,,3,2,2,2,2,2,3,1,5,1,0,0,0,0,0,4,4,5,0,0,0,0,0
756,747,1,1,2,2,1,2,,,4,8,2,,2,,2,3,2,2,2,2,2,3,1,2,1,0,0,0,0,0,1,1,4,1,0,0,0,0
757,748,1,1,5,2,3,,,3,7,4,3,2,,3,,3,2,2,2,2,2,4,1,4,0,1,0,0,0,0,4,1,4,0,0,0,0,0
758,749,1,1,4,1,2,,1,,7,7,7,1,,2,,3,2,2,2,2,2,3,4,5,1,0,0,0,0,0,1,5,4,0,0,0,0,0
759,750,1,1,4,2,2,,1,,8,8,9,2,,1,,3,1,1,1,1,1,1,2,6,0,1,0,0,0,0,4,4,1,0,0,0,0,0
760,751,1,1,3,2,3,,,2,6,6,6,2,,2,,2,2,2,2,2,2,4,1,5,1,0,0,0,0,0,1,1,1,0,0,0,0,0
761,752,1,1,6,2,1,1,,,7,10,0,1,,1,,5,2,2,2,2,2,4,1,7,1,0,0,0,0,0,1,1,4,0,0,0,0,0
762,753,1,1,5,2,1,1,,,9,9,2,,1,,1,3,2,2,2,2,2,2,1,3,1,0,0,0,0,0,5,5,5,1,0,0,0,0
763,754,1,1,3,1,1,1,,,7,8,7,2,,1,,3,2,2,2,1,1,2,4,5,1,0,0,0,0,0,4,1,4,0,1,0,0,1
764,755,1,1,3,2,2,,1,,10,8,10,1,,1,,1,1,1,1,1,1,2,4,6,0,1,0,0,0,0,1,1,1,0,0,0,0,0
765,756,1,1,5,2,3,,,2,9,8,9,1,,2,,3,1,1,1,2,1,2,3,5,1,1,1,1,1,1,1,4,1,0,0,0,0,0
766,757,1,1,3,2,1,1,,,9,9,2,,1,,1,3,2,2,2,2,2,1,2,5,1,0,0,0,0,0,1,4,5,1,0,0,0,0
767,758,1,1,4,1,2,,1,,10,9,10,1,,1,,3,1,2,2,2,2,1,4,5,0,1,0,0,0,0,4,1,4,0,1,0,0,1
768,759,1,1,6,1,3,,,3,7,3,7,,2,,2,3,2,2,1,2,2,4,1,3,1,0,0,0,0,0,5,5,4,1,0,0,0,0
769,760,1,1,4,1,2,,1,,8,9,7,,1,,1,3,2,1,1,1,2,2,2,6,1,0,0,0,0,0,1,4,1,1,0,0,0,0
770,761,1,1,2,2,2,,1,,9,8,3,2,,3,,3,2,2,2,2,2,3,1,5,1,0,0,0,0,0,4,1,4,0,0,0,0,0
771,762,1,1,6,2,1,2,,,7,10,3,,2,,2,4,2,2,2,2,2,4,2,5,1,0,0,0,0,0,5,5,4,1,0,0,0,0
772,763,1,1,5,1,2,,1,,7,7,9,,2,,2,1,1,1,1,1,1,2,2,5,1,0,0,0,0,0,4,5,4,1,0,0,0,0
773,764,1,1,3,2,3,,,1,7,7,10,,1,,2,3,1,2,2,1,2,1,2,5,0,0,1,0,0,0,5,5,5,1,0,0,0,0
774,765,1,1,4,2,2,,1,,10,2,10,1,,1,,4,2,2,2,2,2,4,1,6,1,0,0,0,0,0,4,4,4,0,0,0,0,0
775,766,1,1,3,1,2,,1,,7,7,10,,2,,1,3,2,2,2,2,2,4,3,6,1,1,0,0,0,0,4,4,1,1,0,0,0,0
776,767,1,1,3,1,2,,2,,9,0,3,,2,,1,2,2,2,2,2,2,4,1,3,1,0,0,0,0,0,1,1,4,1,0,0,0,0
777,768,1,1,4,1,2,,1,,7,5,6,1,,2,,2,1,2,2,1,1,1,5,5,1,0,0,0,0,0,4,1,5,0,0,0,0,0
778,769,1,1,3,1,1,1,,,8,7,7,,1,,1,3,1,2,2,1,1,2,4,5,1,1,1,1,1,0,1,4,5,1,0,0,0,0
779,770,1,1,4,1,1,1,,,7,9,2,,1,,1,3,2,2,2,2,2,4,1,2,1,0,0,0,0,0,1,1,1,1,0,0,0,0
780,771,1,1,6,1,2,,1,,9,7,10,,1,,1,3,2,1,2,2,2,2,4,5,0,1,0,0,0,0,1,4,4,1,0,0,0,0
781,772,1,1,5,2,1,1,,,7,6,9,,1,,1,3,2,2,2,2,2,1,2,6,1,0,0,0,0,0,4,5,5,1,0,0,0,0
782,773,1,1,5,2,2,,2,,8,9,9,,2,,1,2,1,1,1,1,1,2,1,6,1,0,0,0,0,0,5,4,5,1,0,0,0,0
783,774,1,1,5,1,2,,1,,7,0,7,1,,2,,3,2,2,2,2,2,4,1,2,1,0,0,0,0,0,5,5,4,0,0,0,0,0
784,775,1,1,4,1,2,,1,,8,3,10,3,,3,,3,2,2,2,2,2,2,3,5,1,0,0,0,0,0,4,4,4,0,0,0,0,0
785,776,1,1,3,2,2,,1,,8,6,9,,2,,2,3,1,2,1,2,2,1,3,5,1,1,1,1,1,0,1,4,1,1,0,0,0,0
786,777,1,1,4,1,2,,2,,7,2,7,,1,,2,3,2,2,2,2,2,4,1,5,1,0,0,0,0,0,1,4,4,1,0,0,0,0
787,778,1,1,5,1,3,,,1,9,9,10,,1,,2,3,2,2,2,2,2,2,5,5,1,0,0,0,0,0,1,1,4,1,0,0,0,0
788,779,1,1,6,2,1,2,,,8,9,4,,2,,2,3,2,2,2,2,2,4,1,6,1,0,0,0,0,0,5,5,4,1,0,0,0,0
789,780,1,1,4,1,1,2,,,8,10,2,2,,2,,3,2,2,2,2,2,4,1,5,1,0,0,0,0,0,5,5,5,0,1,0,0,1
790,781,1,1,5,2,1,1,,,9,10,7,1,,2,,5,1,1,1,1,2,1,1,6,1,0,0,0,0,0,4,5,4,0,0,0,0,0
791,782,1,1,4,1,1,1,,,9,10,0,1,,1,,3,2,2,2,2,2,4,1,5,1,0,0,0,0,0,4,4,5,0,0,0,0,0
792,641,1,1,4,1,2,,1,,9,7,10,1,,2,,3,2,2,2,2,1,3,1,5,0,1,0,0,0,0,1,4,4,0,1,1,0,0
793,783,1,1,3,1,1,1,,,9,10,7,1,,2,,3,1,1,1,1,1,2,4,5,1,0,0,0,0,0,4,4,1,0,0,0,0,0
794,784,1,1,4,1,2,,1,,8,9,8,,2,,1,3,1,1,1,1,1,1,3,6,1,0,0,0,0,0,4,1,4,1,0,0,0,0
795,785,1,1,4,1,2,,1,,9,7,10,2,,1,,3,1,1,1,1,1,2,3,5,0,1,0,0,0,0,4,1,5,0,0,0,0,0
796,786,1,1,4,2,2,,2,,6,3,7,2,,3,,3,2,2,2,1,1,2,3,3,1,0,0,0,0,0,4,5,5,0,0,0,0,0
797,787,1,1,4,2,2,,1,,10,7,10,2,,1,,3,1,2,2,2,2,4,1,6,0,1,0,0,0,0,1,4,1,0,0,0,0,0
798,788,1,1,3,1,2,,1,,8,9,9,,2,,1,2,1,1,1,1,1,2,3,6,1,0,0,0,0,0,4,1,4,1,0,0,0,0
799,789,1,1,3,1,1,1,,,9,10,0,,1,,2,3,2,2,2,2,2,2,1,5,1,0,0,0,0,0,4,4,5,1,0,0,0,0
800,790,1,1,4,1,2,,1,,6,10,6,1,,2,,3,1,1,1,1,1,2,3,5,0,1,0,0,0,0,4,5,4,0,0,0,0,0
801,791,1,1,3,1,3,,,1,7,9,8,,2,,1,3,2,2,2,2,2,1,2,6,1,0,0,0,0,0,4,5,4,1,0,0,0,0
802,792,1,1,3,2,1,2,,,4,9,2,2,,2,,3,2,2,2,2,2,3,1,5,0,1,0,0,0,0,4,1,4,0,0,0,0,0
803,793,1,1,5,2,3,,,2,10,8,0,,2,,2,3,2,2,2,2,2,4,1,6,1,0,0,0,0,0,5,4,5,1,0,0,0,0
804,794,1,1,3,2,2,,1,,8,2,9,1,,2,,3,2,2,2,2,2,2,4,6,1,0,0,0,0,0,4,1,1,0,0,0,0,0
805,795,1,1,3,2,2,,1,,10,9,10,1,,2,,3,1,1,1,1,1,3,2,6,0,1,0,0,0,0,4,1,4,0,0,0,0,0
806,796,1,1,3,2,2,,1,,9,6,9,1,,2,,3,2,2,2,2,2,2,1,6,0,1,0,0,0,0,1,1,4,0,0,0,0,0
807,797,1,1,5,2,2,,1,,9,8,8,,1,,1,4,1,1,1,1,1,1,1,6,1,0,0,0,0,0,4,4,4,1,0,0,0,0
808,798,1,1,3,2,3,,,3,4,4,6,1,,1,,3,2,2,2,2,2,2,1,5,1,0,0,0,0,0,5,5,5,0,0,0,0,0
809,799,1,1,3,1,1,1,,,10,10,7,,2,,2,2,1,1,1,1,1,2,2,6,1,0,0,0,0,0,4,5,4,1,1,1,0,0
810,800,1,1,4,1,2,,1,,7,8,8,,2,,1,3,1,1,1,1,1,2,3,6,1,0,0,0,0,0,5,1,4,1,0,0,0,0
811,801,1,1,3,2,3,,,2,5,4,4,,2,,2,2,2,2,2,2,2,4,1,5,1,0,0,0,0,0,4,4,4,1,0,0,0,0
812,802,1,1,5,1,1,1,,,9,6,7,1,,2,,2,1,2,2,1,2,2,3,5,1,0,0,0,0,0,4,5,4,0,0,0,0,0
813,803,1,1,4,2,2,,1,,8,2,10,,2,,2,2,2,2,2,2,2,4,1,5,1,0,0,0,0,0,1,4,1,1,0,0,0,0
814,804,1,1,7,1,1,2,,,9,8,2,,1,,1,3,2,2,2,2,2,4,1,6,1,0,0,0,0,0,5,1,4,1,0,0,0,0
815,805,1,1,6,2,2,,1,,9,8,9,2,,1,,3,1,2,2,2,1,3,2,6,0,1,0,0,0,0,4,5,4,0,1,1,0,0
816,806,1,1,4,2,3,,,3,2,2,2,,1,,1,2,2,2,2,2,2,4,2,3,0,1,0,0,0,0,1,1,5,1,0,0,0,0
817,807,1,1,3,1,1,1,,,10,10,8,,2,,2,3,1,1,1,1,1,2,3,5,1,0,0,0,0,0,4,5,5,1,0,0,0,0
818,808,1,1,4,2,2,,1,,8,9,9,,2,,2,2,2,2,2,1,2,1,2,5,1,0,0,0,0,0,1,4,1,1,0,0,0,0
819,809,1,1,5,1,2,,1,,9,7,9,2,,2,,4,2,2,2,2,2,1,2,5,1,0,0,0,0,0,1,1,4,0,0,0,0,0
820,810,1,1,3,1,2,,1,,9,4,10,,1,,2,4,2,2,2,2,1,4,3,5,1,0,0,0,0,0,1,4,4,1,1,0,0,1
821,811,1,1,6,2,2,,1,,10,2,3,2,,3,,3,1,2,1,1,1,2,1,6,0,1,0,1,0,0,5,4,4,0,0,0,0,0
822,812,1,1,3,1,2,,1,,8,3,3,1,,2,,3,2,2,2,2,2,1,1,5,0,1,0,0,0,0,1,4,1,0,0,0,0,0
823,813,1,1,5,2,1,1,,,2,10,2,,3,,3,3,2,2,2,2,2,4,1,4,0,0,0,1,0,0,1,1,1,1,0,0,0,0
824,814,1,1,5,2,3,,,2,4,3,1,2,,2,,3,2,2,2,2,2,4,1,5,1,0,0,0,0,0,4,4,4,0,0,0,0,0
825,815,1,1,3,1,3,,,1,5,4,10,,2,,2,3,1,2,2,1,2,2,2,5,1,0,0,0,0,0,1,1,5,1,1,1,0,0
826,816,1,1,6,2,2,,1,,8,0,10,2,,2,,3,2,1,2,2,2,4,1,5,1,0,0,0,0,0,1,1,4,0,0,0,0,0
827,817,1,1,3,1,1,1,,,9,7,8,2,,1,,3,1,2,2,1,1,3,4,6,1,0,0,0,0,0,1,4,1,0,0,0,0,0
828,818,1,1,4,1,2,,1,,8,1,8,1,,1,,3,2,2,2,2,2,4,1,4,1,0,0,0,0,0,1,1,4,0,0,0,0,0
829,819,1,1,3,2,1,1,,,8,7,6,2,,3,,3,2,2,1,2,1,3,3,5,1,0,0,0,0,0,4,4,1,0,1,0,0,1
830,820,1,1,3,1,1,1,,,6,7,7,,1,,2,2,2,2,2,2,2,3,3,5,1,0,0,0,0,0,4,5,4,1,1,0,0,1
831,821,1,1,4,2,3,,,3,6,7,6,,1,,1,2,2,2,2,2,2,2,3,3,1,0,0,0,0,0,4,4,4,1,0,0,0,0
832,822,1,1,3,1,1,1,,,8,7,4,2,,1,,3,2,2,2,2,2,3,1,5,1,0,0,0,0,0,1,1,1,0,0,0,0,0
833,823,1,1,5,1,2,,1,,7,4,6,,2,,2,3,1,2,2,2,2,2,3,6,1,0,0,0,0,0,4,1,4,1,0,0,0,0
834,824,1,1,2,1,1,2,,,6,6,3,2,,2,,2,2,2,2,2,2,1,1,5,0,0,0,0,0,1,1,4,4,0,0,0,0,0
835,825,1,1,4,1,2,,1,,9,7,10,,2,,1,3,2,2,2,2,2,2,1,5,0,1,0,0,0,0,5,5,5,1,0,0,0,0
836,826,1,1,5,2,1,1,,,7,9,6,1,,2,,3,2,2,2,2,2,2,2,6,1,0,0,0,0,0,4,4,4,0,1,1,0,0
837,827,1,1,6,2,1,1,,,7,7,2,2,,3,,3,1,2,1,1,1,1,2,6,0,1,0,0,0,0,4,1,5,0,0,0,0,0
838,828,1,1,4,1,2,,1,,7,1,8,1,,2,,3,2,2,2,2,2,2,1,5,1,0,0,0,0,0,5,5,4,0,0,0,0,0
839,829,1,1,3,2,1,1,,,5,7,2,,1,,1,3,2,2,2,2,2,4,1,6,1,0,0,0,0,0,1,1,4,1,0,0,0,0
840,830,1,1,6,2,1,1,,,8,9,0,,1,,1,3,2,2,2,2,2,4,1,6,1,0,0,0,0,0,4,1,4,1,1,1,0,0
841,831,1,1,4,1,1,1,,,7,9,5,,1,,2,3,2,2,2,1,1,1,1,5,1,0,0,0,0,0,1,4,1,1,0,0,0,0
842,832,1,1,3,1,2,,1,,8,9,9,2,,2,,3,2,2,2,2,2,4,3,5,1,0,0,0,0,0,4,1,4,0,0,0,0,0
843,833,1,1,3,1,1,1,,,8,9,10,2,,2,,4,2,2,2,2,2,2,3,6,1,0,0,0,0,0,4,4,4,0,0,0,0,0
844,834,1,1,5,2,2,,1,,6,3,3,2,,1,,2,1,1,1,1,1,4,5,6,1,0,0,0,0,0,4,5,4,0,0,0,0,0
845,835,1,1,3,1,2,,1,,9,2,10,1,,2,,3,2,2,2,2,2,2,4,6,1,0,0,0,0,0,1,4,1,0,0,0,0,0
846,836,1,1,3,2,1,1,,,9,7,2,,2,,1,3,2,2,2,2,2,4,1,5,1,0,0,0,0,0,1,4,4,1,0,0,0,0
847,837,1,1,3,2,2,,1,,9,7,10,,2,,1,3,1,1,1,1,1,2,3,5,0,1,0,0,0,0,1,4,1,1,0,0,0,0
848,838,1,1,5,2,2,,2,,2,0,8,2,,2,,2,2,2,2,2,2,4,1,3,1,0,0,0,0,0,5,5,4,0,0,0,0,0
849,839,1,1,3,2,2,,1,,8,6,9,,1,,1,3,2,2,2,2,2,2,4,5,0,1,0,0,0,0,1,1,4,1,0,0,0,0
850,840,1,1,6,2,1,1,,,8,9,0,2,,2,,3,2,2,2,2,2,3,1,5,1,0,0,0,0,0,4,4,4,0,0,0,0,0
851,841,1,1,5,2,1,1,,,7,8,2,2,,2,,3,2,2,2,2,2,4,1,5,1,0,0,0,0,0,4,4,5,0,0,0,0,0
852,842,1,1,3,1,2,,1,,8,9,9,,2,,1,3,1,1,1,1,1,2,3,5,1,0,0,0,0,0,4,1,4,1,0,0,0,0
853,843,1,1,3,2,1,1,,,9,8,0,1,,1,,3,2,2,2,2,2,4,1,5,1,0,0,0,0,0,4,4,5,0,0,0,0,0
854,844,1,1,7,2,3,,,3,8,1,1,,1,,1,2,2,2,2,2,2,4,1,5,1,0,0,0,0,0,1,1,1,1,0,0,0,0
855,587,1,1,5,1,1,2,,,5,5,7,,3,,3,3,2,2,2,2,2,3,1,5,1,0,0,0,0,0,5,5,5,1,1,1,0,0
856,845,1,1,5,1,3,,,1,9,3,6,1,,2,,3,1,1,1,1,1,2,3,5,1,0,0,0,0,0,4,5,4,0,0,0,0,0
857,846,1,1,3,1,2,,1,,8,8,8,1,,2,,3,1,2,2,1,1,1,4,6,0,1,0,0,0,0,1,4,1,0,0,0,0,0
858,847,1,1,5,2,2,,2,,7,3,4,1,,1,,4,2,2,2,2,2,4,1,6,1,0,0,0,0,0,5,4,4,0,0,0,0,0
859,848,1,1,3,1,2,,1,,9,7,10,2,,3,,3,2,2,2,2,2,3,1,5,1,0,0,0,0,0,5,4,5,0,0,0,0,0
860,849,1,1,3,1,3,,,2,9,7,6,2,,1,,3,1,2,2,1,1,2,3,5,1,0,0,0,0,0,4,5,5,0,0,0,0,0
861,850,1,1,5,2,1,1,,,9,8,9,2,,1,,3,2,2,2,2,2,1,3,6,1,0,0,0,0,0,4,4,5,0,0,0,0,0
862,826,1,1,7,1,2,,1,,10,6,10,1,,1,,3,2,2,2,2,2,2,5,6,0,1,0,0,0,0,1,1,1,0,1,1,0,0
863,851,1,1,3,1,2,,2,,8,1,10,1,,2,,2,2,2,2,2,2,3,5,5,1,0,0,0,0,0,1,4,4,0,1,0,0,1
864,852,1,1,4,1,1,1,,,8,8,4,,1,,2,1,1,2,2,2,1,1,3,5,1,0,0,0,0,0,1,5,4,1,0,0,0,0
865,853,1,1,6,2,1,1,,,8,9,6,1,,1,,4,2,2,2,2,2,4,1,5,0,1,0,0,0,0,5,5,4,0,0,0,0,0
866,854,1,1,3,1,2,,1,,8,5,10,,1,,1,3,1,2,1,2,2,2,2,5,1,0,0,0,0,0,1,4,1,1,0,0,0,0
867,855,1,1,3,1,1,1,,,7,9,7,1,,2,,3,2,2,2,2,2,3,2,5,1,0,0,0,0,0,4,5,4,0,1,0,0,1
868,856,1,1,3,1,2,,2,,7,9,7,2,,2,,3,2,2,2,1,1,3,3,6,1,0,0,0,0,0,1,5,4,0,0,0,0,0
869,857,1,1,3,2,2,,1,,8,6,9,,2,,1,4,2,2,1,1,2,4,3,5,1,0,0,0,0,0,1,4,1,1,0,0,0,0
870,858,1,1,3,1,1,1,,,9,8,4,,1,,2,4,1,2,2,1,1,4,1,5,1,0,0,0,0,0,1,4,4,1,0,0,0,0
871,859,1,1,4,1,2,,1,,6,2,7,1,,1,,3,1,1,1,2,1,2,2,5,1,0,0,0,0,0,4,5,4,0,0,0,0,0
872,860,1,1,5,2,4,,,3,7,3,2,,2,,1,3,2,2,2,2,2,2,1,5,1,0,0,0,0,0,5,5,5,1,0,0,0,0
873,861,1,1,7,1,2,,2,,8,2,7,,2,,1,3,2,2,2,2,2,4,1,5,1,0,0,0,0,0,1,1,4,1,0,0,0,0
874,862,1,1,4,2,2,,1,,8,6,8,1,,2,,3,1,2,2,2,2,2,4,5,0,1,0,0,0,0,1,4,5,0,0,0,0,0
875,863,1,1,6,2,1,1,,,6,7,5,,2,,2,3,2,2,2,2,2,1,3,5,1,0,0,0,0,0,1,1,4,1,0,0,0,0
876,864,1,1,3,1,3,,,1,8,7,6,1,,2,,2,1,2,2,1,2,2,1,6,1,0,0,0,0,0,4,1,1,0,1,0,0,1
877,865,1,1,5,2,2,,1,,7,9,7,,2,,1,2,2,1,2,2,1,2,2,6,0,1,0,0,0,0,5,4,5,1,0,0,0,0
878,866,1,1,3,1,2,,1,,10,3,10,2,,2,,2,2,2,2,2,1,4,3,5,1,0,0,0,0,0,4,4,4,0,0,0,0,0
879,867,1,1,5,2,1,1,,,8,8,3,2,,1,,3,2,2,2,1,1,2,1,6,1,0,0,0,0,0,4,5,4,0,0,0,0,0
880,868,1,1,5,1,2,,1,,10,10,10,2,,1,,4,1,2,2,2,2,1,3,5,1,0,0,0,0,0,1,1,1,0,1,0,0,1
881,869,1,1,3,1,1,2,,,9,9,2,,1,,2,3,2,2,2,2,2,2,2,6,0,1,0,0,0,0,4,5,4,1,0,0,0,0
882,870,1,1,3,1,1,2,,,5,6,0,,1,,1,3,2,2,2,2,2,4,1,5,1,0,0,0,0,0,4,4,4,1,0,0,0,0
883,871,1,1,5,2,2,,1,,9,6,10,1,,2,,4,2,1,2,1,2,4,3,6,1,0,0,0,0,0,4,1,4,0,0,0,0,0
884,872,1,1,3,1,2,,1,,7,7,8,2,,2,,3,1,2,2,1,1,2,3,5,0,1,0,0,0,0,1,4,4,0,1,0,0,1
885,873,1,1,5,2,2,,2,,7,4,6,,1,,2,3,2,2,2,2,2,3,1,5,1,0,0,0,0,0,5,5,5,1,0,0,0,0
886,874,1,1,3,1,1,2,,,6,7,4,2,,1,,3,2,2,2,2,1,2,2,5,1,0,0,0,0,0,1,4,4,0,0,0,0,0
887,830,1,1,5,2,1,1,,,8,10,0,1,,1,,3,2,2,2,2,2,4,1,5,1,0,0,0,0,0,1,1,4,0,1,1,0,0
888,875,1,1,3,1,3,,,1,7,5,6,2,,2,,3,1,1,1,2,1,1,3,6,1,0,0,0,0,0,4,5,4,0,1,0,0,1
889,876,1,1,5,1,3,,,3,2,2,3,,2,,2,3,2,2,2,2,2,4,1,3,0,1,0,0,0,0,1,1,4,1,0,0,0,0
890,877,1,1,2,2,1,2,,,7,7,3,1,,1,,3,2,2,2,2,2,4,1,5,1,0,0,0,0,0,5,5,5,0,0,0,0,0
891,878,1,1,4,1,2,,1,,9,8,10,1,,2,,2,2,2,2,2,2,1,5,6,0,1,0,0,0,0,4,1,4,0,0,0,0,0
892,879,1,1,2,2,2,,1,,9,8,7,1,,1,,2,1,1,1,1,1,1,3,6,0,1,0,0,0,0,5,4,5,0,0,0,0,0
893,880,1,1,3,2,1,1,,,8,10,0,,1,,1,2,2,2,2,2,2,4,1,4,1,1,0,0,0,0,1,1,5,1,0,0,0,0
894,881,1,1,3,1,2,,1,,9,10,2,,2,,1,2,1,2,1,1,1,1,2,2,1,0,0,0,0,0,1,4,5,1,0,0,0,0
895,882,1,1,3,2,1,2,,,5,10,3,,2,,2,4,2,1,2,2,2,3,1,6,1,0,0,0,0,0,1,4,1,1,1,0,0,1
896,883,1,1,3,1,2,,1,,10,3,10,1,,3,,3,2,2,2,2,2,3,1,5,1,0,0,0,0,0,1,4,5,0,1,0,0,1
897,884,1,1,4,1,3,,,2,10,10,10,,1,,1,4,2,1,2,2,1,3,4,5,0,1,0,0,0,0,1,1,1,1,0,0,0,0
898,885,1,1,4,1,2,,1,,9,0,10,,2,,2,3,2,2,2,2,2,4,1,3,1,0,0,0,0,0,1,1,4,1,0,0,0,0
899,886,1,1,3,2,2,,1,,9,6,10,,1,,1,3,2,2,2,1,1,3,1,5,1,0,0,0,0,0,5,1,4,1,0,0,0,0
900,887,1,1,6,2,1,2,,,7,6,1,2,,2,,3,2,2,2,2,2,4,1,2,1,0,0,0,0,0,5,5,5,0,0,0,0,0
901,888,1,1,5,2,3,,,1,7,3,5,,2,,2,3,2,2,2,2,2,4,1,6,0,1,0,1,0,0,1,1,4,1,0,0,0,0
902,889,1,1,4,1,3,,,2,3,5,5,2,,2,,2,2,2,2,2,2,4,1,3,1,0,0,0,0,0,5,5,4,0,0,0,0,0
903,890,1,1,3,1,2,,2,,8,3,7,,3,,2,3,2,2,2,2,2,2,1,5,1,0,0,0,0,0,4,5,4,1,0,0,0,0
904,891,1,1,3,2,2,,1,,9,1,10,1,,1,,3,2,2,2,2,2,1,2,5,0,1,0,0,0,0,1,4,4,0,0,0,0,0
905,892,1,1,4,1,3,,,2,7,7,4,2,,2,,3,1,1,1,1,1,1,3,5,1,0,0,0,0,0,4,5,4,0,0,0,0,0
906,893,1,1,4,2,3,,,1,6,6,7,2,,1,,3,2,2,2,2,1,1,3,5,1,0,0,0,0,0,1,4,4,0,1,1,0,0
907,894,1,1,3,1,3,,,3,5,0,0,1,,1,,5,2,2,2,2,2,2,1,2,1,0,0,0,0,0,5,5,5,0,0,0,0,0
908,185,1,1,3,1,2,,1,,9,10,9,,1,,2,3,2,2,2,1,1,2,3,5,0,1,0,0,0,0,1,4,1,1,1,1,0,0
909,895,1,1,4,1,1,1,,,8,9,6,1,,2,,3,2,2,2,2,2,,2,3,1,0,0,0,0,0,4,1,4,0,0,0,0,0
910,896,1,1,3,1,2,,2,,8,3,9,,2,,1,3,2,2,2,2,2,4,1,2,1,0,0,0,0,0,1,1,1,1,0,0,0,0
911,897,1,1,3,1,3,,,2,8,8,8,2,,3,,3,1,2,2,1,1,2,3,6,1,0,0,0,0,0,1,4,5,0,0,0,0,0
912,898,1,1,4,1,1,1,,,7,7,8,,1,,1,4,1,1,1,1,1,2,1,6,0,1,0,0,0,0,4,4,5,1,1,0,1,0
913,899,1,1,3,2,2,,1,,7,7,9,,1,,2,3,1,1,1,2,1,2,3,6,1,0,0,0,0,0,4,1,5,1,0,0,0,0
914,900,1,1,3,1,1,1,,,9,9,3,,1,,1,2,2,2,2,1,1,2,2,5,1,0,0,0,0,0,4,4,4,1,0,0,0,0
915,901,1,1,3,1,2,,1,,9,8,9,,1,,1,3,1,1,1,1,1,2,2,6,0,1,0,0,0,0,4,5,4,1,0,0,0,0
916,902,1,1,3,2,2,,1,,9,5,9,,2,,1,3,2,2,2,2,2,3,1,5,1,0,0,0,0,0,1,4,4,1,0,0,0,0
917,903,1,1,3,1,1,1,,,7,7,7,1,,2,,4,2,2,2,1,1,3,3,5,0,1,0,0,0,0,4,5,4,0,1,1,0,0
918,904,1,1,3,1,1,1,,,8,7,1,2,,2,,3,2,2,2,2,2,3,1,6,1,0,0,0,0,0,5,5,4,0,0,0,0,0
919,905,1,1,4,1,3,,,3,8,2,3,3,,3,,3,2,2,2,2,2,2,1,5,1,0,0,0,0,0,5,5,4,0,0,0,0,0
920,906,1,1,4,1,3,,,3,5,5,5,1,,1,,2,2,2,2,2,2,4,1,5,0,1,0,0,0,0,1,1,1,0,0,0,0,0
921,907,1,1,4,2,2,,1,,8,8,8,1,,2,,2,1,1,1,1,1,1,2,5,0,1,0,0,0,0,4,5,4,0,1,1,0,0
922,908,1,1,3,1,2,,1,,10,9,8,2,,1,,3,2,2,2,1,1,2,3,6,0,1,0,0,0,0,1,5,1,0,0,0,0,0
923,909,1,1,5,1,3,,,1,7,5,7,1,,2,,4,2,2,2,2,2,2,3,6,1,0,0,0,0,0,4,1,4,0,0,0,0,0
924,910,1,1,3,1,2,,1,,6,5,9,,2,,2,3,2,2,2,2,2,1,1,5,1,0,0,0,0,0,1,5,4,1,1,1,0,0
925,160,1,1,3,1,1,1,,,8,7,3,1,,2,,3,2,2,2,2,2,1,1,5,1,0,0,0,0,0,1,4,5,0,1,1,1,1
926,911,1,1,6,1,2,,1,,10,4,10,,1,,2,3,2,2,2,1,1,3,3,6,0,1,0,0,0,0,1,4,4,1,1,1,0,0
927,912,1,1,3,1,3,,,3,6,6,6,2,,1,,3,2,2,2,2,2,2,1,4,1,0,0,0,0,0,1,1,1,0,0,0,0,0
928,913,1,1,3,1,2,,2,,6,6,7,,2,,2,2,2,2,2,2,2,4,2,5,1,0,0,0,0,0,4,4,5,1,0,0,0,0
929,914,1,1,3,2,2,,1,,9,7,5,1,,1,,2,1,1,1,1,1,1,1,5,1,0,0,0,0,0,1,1,4,0,0,0,0,0
930,915,1,1,3,1,1,1,,,8,7,5,2,,1,,3,2,2,2,2,1,1,3,5,1,0,0,0,0,0,4,1,4,0,0,0,0,0
931,916,1,1,3,1,1,2,,,3,3,0,2,,3,,3,2,2,2,2,2,2,1,4,0,1,0,0,0,0,5,5,5,0,0,0,0,0
932,917,1,1,2,2,1,2,,,2,6,2,1,,1,,3,2,2,2,2,2,1,1,3,0,1,0,0,0,0,1,4,4,0,0,0,0,0
933,918,1,1,3,1,1,1,,,9,10,6,,2,,1,3,2,2,2,1,1,3,3,5,0,1,0,0,0,0,4,5,4,1,0,0,0,0
934,919,1,1,3,1,1,1,,,9,9,2,,1,,2,2,2,2,2,2,2,4,1,5,0,1,0,0,0,0,5,5,4,1,1,0,0,1
935,920,1,1,3,1,1,1,,,9,10,10,1,,1,,3,1,1,1,1,1,4,2,5,1,0,0,0,0,0,1,1,1,0,0,0,0,0
936,921,1,1,4,1,2,,1,,7,8,8,,1,,2,3,2,1,1,2,1,1,3,5,1,0,0,0,0,0,4,5,1,1,0,0,0,0
937,922,1,1,3,1,2,,1,,9,0,8,2,,1,,3,2,2,2,2,2,4,1,5,1,0,0,0,0,0,5,5,4,0,0,0,0,0
938,923,1,1,7,1,2,,1,,8,0,7,1,,2,,3,2,2,2,2,2,4,1,6,1,0,0,0,0,0,1,1,4,0,0,0,0,0
939,924,1,1,4,1,1,1,,,10,9,3,2,,2,,3,2,2,2,2,2,2,1,7,1,0,0,0,0,0,1,1,4,0,0,0,0,0
940,925,1,1,6,1,3,,,1,9,10,10,1,,1,,2,1,2,1,1,2,2,4,6,1,1,0,1,0,0,1,1,1,0,0,0,0,0
941,926,1,1,4,1,2,,1,,9,9,10,1,,1,,3,1,1,1,1,1,1,3,5,0,1,0,0,0,0,4,1,4,0,0,0,0,0
942,927,1,1,2,2,1,1,,,7,10,0,,1,,2,3,2,2,2,2,2,1,1,2,0,0,0,0,0,1,5,5,5,1,0,0,0,0
943,928,1,1,2,1,1,1,,,7,10,0,,1,,1,3,2,2,2,2,2,2,1,6,1,0,0,0,0,0,1,4,4,1,0,0,0,0
944,929,1,1,4,1,2,,1,,9,4,2,,1,,1,3,2,2,2,1,1,1,2,5,0,1,0,0,0,0,4,5,4,1,0,0,0,0
945,930,1,1,3,2,1,1,,,6,9,8,,2,,2,4,2,2,2,2,2,1,3,5,1,0,0,0,0,0,4,5,4,1,0,0,0,0
946,931,1,1,3,1,1,1,,,4,7,3,2,,2,,2,2,2,2,2,2,4,1,5,0,1,0,0,0,0,1,1,4,0,1,0,0,1
947,434,1,1,3,1,2,,1,,6,7,8,2,,3,,3,2,2,2,2,2,1,2,3,1,1,1,1,1,0,1,5,4,0,1,1,0,0
948,932,1,1,5,1,2,,1,,7,6,4,2,,2,,4,2,2,2,2,2,3,3,5,1,1,1,1,1,1,4,4,1,0,0,0,0,0
949,296,1,1,3,1,1,1,,,9,9,7,,2,,2,3,2,2,2,1,1,1,3,5,1,0,0,0,0,0,1,5,4,1,1,1,0,0
950,933,1,1,3,1,1,1,,,6,7,3,,2,,2,3,2,2,2,1,1,2,3,5,1,0,0,0,0,0,4,4,4,1,0,0,0,0
951,934,1,1,3,2,2,,1,,8,9,7,2,,1,,3,1,1,1,1,1,1,2,6,0,1,0,0,0,0,4,5,5,0,0,0,0,0
952,935,1,1,5,2,1,2,,,10,9,1,2,,1,,3,2,2,2,2,2,2,1,5,1,0,0,0,0,0,1,1,1,0,0,0,0,0
953,936,1,1,5,1,2,,2,,1,1,3,,1,,1,3,2,2,2,2,2,4,1,6,1,0,0,1,0,0,4,1,4,1,0,0,0,0
954,937,1,1,3,1,1,1,,,8,10,10,,1,,2,3,2,1,1,2,2,1,3,5,1,0,0,0,0,0,4,5,4,1,1,0,0,1
955,938,1,1,3,2,1,1,,,6,6,5,2,,2,,3,2,2,2,2,2,4,5,5,1,0,0,0,0,0,5,4,4,0,0,0,0,0
956,939,1,1,3,1,1,1,,,10,10,0,,2,,1,3,2,2,2,1,1,4,1,5,1,0,0,0,0,0,5,4,5,1,1,0,0,1
957,940,1,1,5,1,3,,,3,6,5,5,,1,,2,3,1,2,2,2,2,2,3,5,1,0,0,0,0,0,4,5,4,1,0,0,0,0
958,941,1,1,5,1,2,,1,,8,1,9,,1,,3,3,2,2,2,2,2,2,1,5,0,0,1,0,0,0,5,1,4,1,0,0,0,0
959,942,1,1,5,2,2,,1,,7,0,8,,2,,2,2,2,2,2,2,2,4,1,4,1,0,0,0,0,0,1,1,1,1,0,0,0,0
960,943,1,1,4,1,2,,1,,10,7,10,,2,,2,2,2,2,2,2,2,2,1,5,0,1,0,0,0,0,1,1,1,1,0,0,0,0
961,944,1,1,6,2,2,,1,,10,10,10,,3,,1,2,1,1,1,1,1,3,5,5,1,0,0,0,0,0,5,4,1,1,0,0,0,0
962,945,1,1,4,2,2,,1,,4,2,7,,1,,2,2,2,2,2,2,2,2,1,5,1,0,0,0,0,0,4,1,4,1,0,0,0,0
963,946,1,1,3,1,2,,1,,9,7,8,1,,1,,3,1,1,1,1,1,2,5,6,0,1,0,0,0,0,1,1,1,0,0,0,0,0
964,947,1,1,4,1,1,1,,,8,8,1,,2,,1,3,2,2,2,2,2,4,1,6,0,0,0,1,0,0,5,4,4,1,0,0,0,0
965,948,1,1,4,1,3,,,2,9,6,7,2,,2,,3,2,2,2,1,1,1,3,5,1,0,0,0,0,0,1,4,4,0,0,0,0,0
966,949,1,1,5,1,2,,1,,8,4,10,1,,2,,3,2,2,2,2,2,3,1,6,1,0,0,0,0,0,1,1,4,0,0,0,0,0
967,950,1,1,3,2,1,2,,,6,8,4,,1,,1,3,2,2,2,2,2,4,1,2,1,0,0,0,0,0,4,1,4,1,0,0,0,0
968,951,1,1,3,1,1,1,,,8,7,6,1,,2,,3,1,2,1,1,1,2,2,6,0,1,0,0,0,0,1,4,1,0,0,0,0,0
969,952,1,1,2,1,1,1,,,8,9,7,3,,3,,3,2,2,2,2,2,1,1,6,1,0,0,0,0,0,5,5,5,0,0,0,0,0
970,911,1,1,4,1,2,,1,,8,9,8,3,,2,,3,2,2,2,1,1,1,3,6,0,1,0,0,0,0,4,5,4,0,1,1,0,0
971,953,1,1,3,1,1,1,,,9,7,2,,2,,2,3,2,2,2,2,2,4,1,5,1,0,0,0,0,0,5,4,5,1,0,0,0,0
972,954,1,1,4,2,2,,1,,10,10,10,,1,,1,3,1,2,2,2,2,2,4,6,0,1,0,0,0,0,1,1,1,1,1,1,0,0
973,955,1,1,3,1,1,2,,,5,7,3,,2,,2,3,2,2,2,2,2,4,1,4,1,0,0,0,0,0,1,4,4,1,0,0,0,0
974,956,1,1,3,2,2,,1,,9,6,10,2,,2,,3,2,2,2,2,2,4,1,5,1,0,0,0,0,0,1,4,4,0,0,0,0,0
975,957,1,1,3,1,2,,1,,10,9,9,,2,,2,3,1,1,1,1,1,2,2,6,1,0,0,0,0,0,4,1,4,1,0,0,0,0
976,958,1,1,2,1,1,1,,,8,8,8,,1,,2,3,2,2,2,1,1,2,1,5,0,1,0,0,0,0,5,4,4,1,0,0,0,0
977,959,1,1,5,2,2,,1,,9,6,9,,1,,2,3,2,2,2,2,2,2,3,6,0,1,0,0,0,0,1,1,1,1,0,0,0,0
978,960,1,1,4,1,1,1,,,6,10,0,2,,2,,2,2,2,2,2,2,1,1,6,0,1,0,0,0,0,5,4,5,0,0,0,0,0
979,961,1,1,6,1,3,,,1,9,9,2,1,,2,,1,1,1,2,1,1,1,2,5,1,0,0,0,0,0,1,4,5,0,0,0,0,0
980,962,1,1,4,1,1,1,,,9,8,1,1,,1,,2,2,1,2,2,2,4,1,2,1,0,0,0,0,0,1,4,5,0,0,0,0,0
981,963,1,1,3,1,2,,1,,5,0,10,1,,2,,2,2,2,2,2,1,2,5,5,1,0,0,0,0,0,1,1,4,0,0,0,0,0
982,964,1,1,4,1,3,,,1,7,8,3,,1,,2,3,1,1,1,1,1,1,3,2,1,0,0,0,0,0,4,5,4,1,0,0,0,0
983,965,1,1,6,1,3,,,1,8,1,6,,2,,2,3,2,2,2,2,2,4,1,3,0,0,0,0,0,1,1,1,4,1,0,0,0,0
984,966,1,1,4,1,2,,1,,10,0,10,,1,,1,3,2,2,2,2,2,2,3,6,0,1,0,0,0,0,1,1,1,1,0,0,0,0
985,967,1,1,3,1,1,1,,,9,10,6,,2,,2,3,1,1,1,2,1,2,4,5,0,1,0,0,0,0,1,4,1,1,0,0,0,0
986,968,1,1,4,1,1,1,,,6,8,6,2,,1,,3,2,2,2,2,1,1,1,6,1,0,0,0,0,0,4,4,1,0,0,0,0,0
987,969,1,1,3,1,1,1,,,10,10,6,2,,1,,3,1,1,1,2,1,2,4,5,0,1,0,0,0,0,1,4,1,0,0,0,0,0
988,970,1,1,3,1,2,,1,,4,6,10,,1,,1,3,2,2,2,2,1,3,1,5,1,0,0,0,0,0,1,1,4,1,0,0,0,0
989,971,1,1,3,1,2,,1,,8,3,9,1,,1,,3,2,2,2,2,2,4,1,5,1,0,0,0,0,0,1,4,4,0,1,0,0,1
990,972,1,1,3,1,1,1,,,8,7,3,2,,2,,2,1,2,1,2,1,2,2,5,1,0,0,0,0,0,4,5,4,0,0,0,0,0
991,973,1,1,5,1,1,1,,,10,10,7,2,,2,,3,2,2,2,2,2,2,2,5,0,1,0,0,0,0,1,1,4,0,0,0,0,0
992,974,1,1,4,1,2,,1,,7,7,8,,2,,2,3,2,1,1,1,1,2,3,5,1,0,0,0,0,0,4,1,4,1,0,0,0,0
993,975,1,1,4,2,1,2,,,1,8,2,2,,2,,4,2,2,2,2,2,4,1,5,1,0,0,0,0,0,4,4,4,0,0,0,0,0
994,976,1,1,4,1,2,,1,,10,7,10,1,,2,,4,1,1,1,1,1,3,4,5,1,0,0,0,0,0,1,4,1,0,0,0,0,0
995,977,1,1,6,1,2,,2,,8,8,10,,1,,2,3,2,2,2,2,2,1,2,5,1,0,0,0,0,0,1,4,1,1,0,0,0,0
996,978,1,1,3,1,2,,1,,5,6,10,,1,,1,3,2,2,2,2,2,1,1,6,1,0,0,0,0,0,5,5,5,1,0,0,0,0
997,979,1,1,3,2,2,,1,,7,7,3,2,,2,,3,2,2,2,2,2,2,3,5,1,0,0,0,0,0,1,4,4,0,0,0,0,0
998,980,1,1,3,1,1,1,,,7,5,1,2,,2,,2,2,2,2,2,2,4,2,5,1,1,0,0,0,0,4,1,5,0,0,0,0,0
999,981,1,1,3,1,2,,1,,9,8,9,1,,2,,3,2,2,2,2,2,1,5,7,1,0,0,0,0,0,4,1,4,0,0,0,0,0
1000,982,1,1,3,1,3,,,2,7,7,7,2,,2,,3,2,2,2,2,2,4,1,5,1,0,0,0,0,0,1,1,4,0,0,0,0,0
1001,983,1,1,6,2,3,,,3,8,6,7,,3,,2,3,2,2,2,2,2,2,1,6,0,1,0,0,0,0,4,5,4,1,0,0,0,0
1002,984,1,1,2,2,1,1,,,7,5,8,,1,,2,3,1,1,1,1,1,2,4,5,0,0,1,0,0,0,4,5,4,1,0,0,0,0
1003,985,1,1,4,2,1,1,,,9,8,0,,1,,1,3,2,2,2,2,2,4,1,5,1,0,0,0,0,0,1,1,4,1,0,0,0,0
1004,986,1,1,3,2,2,,1,,8,2,8,1,,1,,2,2,2,2,2,2,3,1,5,0,1,0,0,0,0,5,5,5,0,0,0,0,0
1005,987,1,1,5,1,1,1,,,8,7,7,,2,,1,3,2,2,2,2,2,2,1,5,1,0,0,0,0,0,5,4,1,1,0,0,0,0
1006,988,1,1,3,1,2,,1,,9,4,9,,1,,1,3,2,2,2,2,2,1,1,5,1,0,0,0,0,0,1,1,4,1,0,0,0,0
1007,989,1,1,3,1,2,,1,,9,6,10,1,,2,,3,2,2,2,2,2,2,3,6,0,1,0,0,0,0,1,4,1,0,0,0,0,0
1008,990,1,1,7,2,3,,,2,8,8,7,1,,3,,4,1,2,1,2,2,1,2,5,1,0,0,0,0,0,4,5,1,0,0,0,0,0
1009,907,1,1,3,1,2,,1,,8,2,8,,2,,3,3,2,1,2,2,1,3,3,5,1,0,0,0,0,0,1,4,5,1,1,1,0,0
1010,991,1,1,3,1,3,,,3,9,6,8,3,,3,,4,2,2,2,2,2,1,4,4,1,0,0,0,0,0,4,5,4,0,0,0,0,0
1011,992,1,1,3,1,2,,1,,8,9,9,2,,2,,3,1,2,2,2,2,3,3,6,1,0,0,0,0,0,4,5,4,0,0,0,0,0
1012,993,1,1,3,2,1,1,,,7,8,1,2,,2,,3,2,2,2,2,2,4,1,5,1,0,0,0,0,0,5,5,4,0,0,0,0,0
1013,994,1,1,2,2,3,,,2,9,6,0,3,,3,,3,2,2,2,2,2,4,1,5,0,1,0,0,0,0,5,5,5,0,0,0,0,0
1014,995,1,1,6,2,1,1,,,8,10,5,3,,3,,4,2,2,1,2,2,4,1,5,0,1,0,0,0,0,5,5,5,0,0,0,0,0
1015,996,1,1,6,2,1,1,,,8,9,5,,1,,1,3,2,2,2,1,1,1,2,5,1,0,0,0,0,0,4,4,5,1,0,0,0,0
1016,997,1,1,4,1,2,,1,,7,7,8,1,,2,,3,1,2,2,2,1,1,3,5,1,0,0,0,0,0,1,4,1,0,0,0,0,0
1017,998,1,1,5,2,1,1,,,7,7,7,,1,,2,3,2,1,1,2,2,4,2,5,1,0,0,0,0,0,4,1,4,1,0,0,0,0
1018,999,1,1,3,2,2,,1,,5,0,10,,2,,2,3,2,2,2,2,2,2,1,4,1,0,0,0,0,0,1,1,4,1,0,0,0,0
1019,1000,1,1,3,1,1,2,,,8,7,3,,2,,2,3,2,2,2,2,2,4,1,4,1,0,0,0,0,0,5,5,5,1,0,0,0,0
1020,1001,1,1,6,1,2,,1,,9,3,8,1,,1,,3,2,2,2,2,2,1,3,8,1,0,0,0,0,0,1,1,1,0,0,0,0,0
1021,1002,1,1,4,2,2,,1,,9,8,9,1,,1,,3,1,1,1,1,1,3,1,6,1,0,0,0,0,0,1,4,1,0,0,0,0,0
1022,446,1,1,3,1,2,,1,,10,8,8,,1,,1,3,1,1,1,2,2,1,4,5,1,0,0,0,0,0,1,4,4,1,1,1,0,0
1023,1003,1,1,6,1,2,,1,,8,7,10,,2,,3,3,1,1,1,1,1,2,2,5,0,1,0,0,0,0,4,1,4,1,0,0,0,0
1024,1004,1,1,5,1,2,,1,,8,8,7,,1,,1,3,2,2,2,2,2,1,3,5,0,1,0,0,0,0,1,4,1,1,0,0,0,0
1025,1005,1,1,7,1,3,,,3,8,9,9,2,,1,,3,2,2,2,1,1,2,3,5,0,1,0,0,0,0,1,5,1,0,0,0,0,0
1026,1006,1,1,3,2,1,1,,,3,7,1,2,,2,,3,2,2,2,2,2,4,1,3,1,0,0,0,0,0,4,4,1,0,0,0,0,0
1027,1007,1,1,3,1,2,,1,,7,7,7,,2,,1,2,1,1,1,1,1,2,2,5,0,1,0,0,0,0,1,4,4,1,0,0,0,0
1028,1008,1,1,3,1,2,,1,,10,8,9,1,,1,,3,2,2,2,2,2,3,5,5,1,1,1,1,1,0,1,1,1,0,0,0,0,0
1029,1009,1,1,5,1,1,1,,,7,8,8,1,,2,,3,1,2,2,1,1,2,1,6,1,0,0,0,0,0,1,4,4,0,0,0,0,0
1030,1010,1,1,3,1,3,,,1,8,4,8,3,,3,,3,2,2,2,1,2,1,3,6,1,0,0,0,0,0,4,5,4,0,0,0,0,0
1031,1011,1,1,5,1,2,,1,,6,6,7,,1,,1,3,2,2,2,2,2,1,1,2,0,0,0,1,0,0,5,5,5,1,1,0,0,1
1032,1012,1,1,5,1,2,,1,,9,0,10,,1,,2,2,2,2,2,2,1,2,5,5,1,0,0,0,0,0,1,4,1,1,0,0,0,0
1033,1013,1,1,2,1,1,1,,,9,7,8,1,,1,,3,1,1,1,1,1,2,3,5,1,0,0,0,0,0,4,1,4,0,0,0,0,0
1034,1014,1,1,5,2,1,1,,,8,7,6,1,,2,,3,2,2,2,2,2,4,3,5,1,0,0,0,0,0,4,4,1,0,0,0,0,0
1035,1015,1,1,3,1,1,1,,,7,7,1,,1,,2,3,1,2,1,2,1,3,4,5,1,0,0,0,0,0,1,4,1,1,0,0,0,0
1036,1016,1,1,3,1,2,,1,,8,6,9,1,,1,,4,2,2,2,2,2,2,1,5,1,0,0,0,0,0,1,1,4,0,0,0,0,0
1037,1017,1,1,3,1,1,1,,,8,7,4,3,,3,,3,2,2,2,2,2,3,1,5,1,0,0,0,0,0,5,5,5,0,0,0,0,0
1038,1018,1,1,4,2,1,1,,,9,8,8,1,,2,,3,2,1,1,1,1,2,1,5,0,1,0,0,0,0,1,4,1,0,0,0,0,0
1039,1019,1,1,4,1,1,1,,,10,9,10,1,,2,,4,1,1,1,1,1,3,1,6,0,1,0,0,0,0,4,5,4,0,0,0,0,0
1040,1020,1,1,3,1,1,1,,,8,8,8,1,,2,,3,1,2,2,1,2,2,3,5,0,1,0,0,0,0,4,1,1,0,0,0,0,0
1041,1021,1,1,3,1,2,,1,,7,4,10,3,,3,,2,2,2,2,2,2,4,1,6,1,0,0,0,0,0,1,1,4,0,0,0,0,0
1042,1022,1,1,5,2,2,,1,,8,7,3,,2,,1,3,1,1,1,2,1,2,4,6,0,1,0,0,0,0,1,4,4,1,0,0,0,0
1043,1023,1,1,3,1,2,,1,,9,6,9,,1,,1,3,1,1,1,1,1,2,3,6,0,1,0,0,0,0,4,1,1,1,0,0,0,0
1044,1024,1,1,5,1,3,,,3,8,1,1,,2,,2,3,2,2,2,2,2,4,2,5,1,0,0,0,0,0,4,4,5,1,0,0,0,0
1045,1025,1,1,3,2,1,1,,,8,10,1,2,,1,,3,2,2,2,2,2,2,1,6,0,0,1,0,0,0,1,1,4,0,1,0,0,1
1046,1026,1,1,7,2,1,1,,,9,7,8,1,,2,,2,1,1,1,1,1,2,4,2,1,0,0,0,0,0,1,4,1,0,0,0,0,0
1047,1027,1,1,3,1,2,,1,,8,9,9,1,,2,,3,2,2,2,1,2,3,3,5,0,1,0,0,0,0,4,1,4,0,0,0,0,0
1048,1028,1,1,4,2,3,,,1,10,4,9,,1,,1,3,2,2,2,2,2,1,1,5,1,0,0,0,0,0,1,4,1,1,0,0,0,0
1049,1029,1,1,4,1,1,1,,,9,10,9,1,,1,,3,1,2,2,1,2,2,4,5,0,1,0,0,0,0,5,4,5,0,0,0,0,0
1050,1030,1,1,3,1,1,1,,,8,9,9,,1,,1,3,1,1,1,1,1,1,4,5,1,0,0,0,0,0,4,1,5,1,0,0,0,0
1051,1031,1,1,3,1,1,1,,,8,8,9,,2,,2,4,2,1,1,2,2,2,2,5,1,0,0,0,0,0,1,4,4,1,0,0,0,0
1052,1032,1,1,2,1,1,1,,,8,9,6,1,,2,,2,2,2,2,2,2,2,2,5,1,0,0,0,0,0,5,4,4,0,0,0,0,0
1053,1033,1,1,3,2,1,2,,,4,4,1,,1,,1,3,2,2,2,2,2,4,2,5,0,0,0,1,0,0,1,1,1,1,0,0,0,0
1054,1034,1,1,5,2,2,,1,,7,0,10,1,,2,,2,2,2,2,2,2,4,2,6,1,0,0,0,0,0,4,5,4,0,0,0,0,0
1055,1035,1,1,6,1,1,1,,,9,8,7,,1,,2,3,2,2,2,2,2,2,2,6,1,0,0,0,0,0,4,1,4,1,0,0,0,0
1056,1036,1,1,3,1,3,,,2,5,6,3,,1,,2,1,2,2,2,2,2,3,1,5,1,0,0,0,0,0,4,4,4,1,0,0,0,0
1057,1037,1,1,3,1,1,1,,,8,10,3,2,,2,,3,2,2,2,2,2,2,1,3,0,1,0,0,0,0,5,5,5,0,1,0,0,1
1058,1038,1,1,3,1,1,1,,,7,9,2,1,,2,,4,2,2,2,2,2,2,2,5,1,0,0,0,0,0,1,4,4,0,0,0,0,0
1059,1039,1,1,7,2,1,1,,,6,7,2,,1,,2,3,1,2,2,2,1,1,3,5,1,0,0,0,0,0,4,1,4,1,0,0,0,0
1060,1040,1,1,3,2,2,,1,,7,4,7,,2,,2,2,2,2,2,2,2,2,2,5,0,1,0,0,0,0,4,4,4,1,1,0,0,1
1061,1041,1,1,3,2,2,,1,,9,8,9,1,,1,,3,1,2,2,2,1,2,3,5,0,0,1,0,0,0,4,5,5,0,0,0,0,0
1062,1042,1,1,5,2,1,1,,,7,7,7,1,,1,,4,2,2,2,2,2,1,1,6,1,0,0,0,0,0,4,5,5,0,0,0,0,0
1063,1043,1,1,3,1,2,,1,,8,7,9,2,,1,,3,1,1,1,1,1,3,4,5,0,1,0,0,0,0,4,4,5,0,0,0,0,0
1064,1044,1,1,4,1,1,1,,,8,8,5,,2,,2,1,1,1,1,2,1,1,3,5,1,0,0,0,0,0,4,5,1,1,0,0,0,0
1065,954,1,1,3,2,2,,1,,10,5,10,,3,,3,3,2,2,2,2,2,1,2,6,1,1,1,1,1,1,4,1,1,1,1,1,0,0
1066,1045,1,1,4,2,2,,1,,8,8,8,,1,,2,2,1,2,2,1,1,2,4,6,0,1,0,0,0,0,4,5,5,1,0,0,0,0
1067,1046,1,1,4,1,1,1,,,6,9,3,1,,1,,2,2,2,2,2,1,2,2,6,1,0,0,0,0,0,1,1,4,0,0,0,0,0
1068,1047,1,1,4,2,3,,,1,8,4,7,,2,,2,3,1,1,1,1,2,4,3,5,1,0,0,0,0,0,4,5,4,1,0,0,0,0
1069,1048,1,1,4,1,2,,1,,8,3,7,1,,2,,3,2,2,2,2,2,2,1,5,1,0,0,0,0,0,1,4,4,0,0,0,0,0
1070,1049,1,1,4,2,2,,1,,10,5,10,2,,1,,3,2,2,2,1,2,1,5,5,1,0,0,0,0,0,5,4,5,0,0,0,0,0
1071,1050,1,1,3,2,2,,1,,9,9,9,1,,2,,3,1,1,1,1,1,1,2,6,0,1,0,0,0,0,4,1,1,0,0,0,0,0
1072,1051,1,1,3,1,1,1,,,7,6,3,,2,,3,3,2,2,2,1,1,1,3,5,1,0,1,0,0,0,4,5,4,1,0,0,0,0
1073,1052,1,1,5,2,1,1,,,6,6,5,3,,3,,3,2,2,2,2,2,3,1,5,1,0,0,0,0,0,4,4,4,0,0,0,0,0
1074,1053,1,1,4,2,2,,1,,8,4,10,,1,,2,2,2,2,2,2,2,2,4,6,0,1,0,0,0,0,1,4,4,1,0,0,0,0
1075,1054,1,1,3,1,1,2,,,5,6,5,,1,,1,3,2,2,2,2,2,2,3,4,1,0,0,0,0,0,5,5,5,1,0,0,0,0
1076,1055,1,1,3,1,1,1,,,8,6,4,,1,,2,2,1,1,2,1,2,2,2,5,1,0,0,0,0,0,1,4,5,1,0,0,0,0
1077,1056,1,1,3,1,1,1,,,10,10,3,2,,2,,3,2,2,2,2,2,4,4,5,1,0,0,0,0,0,4,1,4,0,0,0,0,0
1078,1057,1,1,3,1,3,,,1,7,8,10,1,,2,,3,1,2,2,2,2,2,1,4,0,0,0,1,0,0,4,1,4,0,1,0,0,1
1079,1058,1,1,5,2,1,1,,,8,7,8,,2,,1,3,2,2,2,2,2,1,3,6,1,0,0,0,0,0,4,4,5,1,1,0,0,1
1080,1059,1,1,2,1,1,1,,,8,5,,2,,2,,3,2,2,2,2,2,2,3,5,1,0,0,0,0,0,1,1,1,0,0,0,0,0
1081,1060,1,1,5,1,3,,,2,10,7,1,,1,,1,3,2,2,2,2,2,4,1,5,1,0,0,0,0,0,5,5,5,1,0,0,0,0
1082,1061,1,1,4,2,1,1,,,7,7,3,,2,,1,3,2,2,2,2,1,1,2,5,1,0,0,0,0,0,4,1,4,1,0,0,0,0
1083,1062,1,1,5,1,2,,1,,10,8,9,1,,2,,3,2,2,2,2,2,2,4,6,0,1,0,0,0,0,1,4,1,0,1,0,0,1
1084,1063,1,1,3,1,2,,1,,8,1,9,1,,2,,3,2,2,2,2,2,4,1,5,1,0,0,0,0,0,4,1,4,0,1,0,0,1
1085,1064,1,1,7,2,1,1,,,7,8,1,,1,,1,3,2,2,2,2,2,4,1,5,1,0,0,0,0,0,5,5,5,1,0,0,0,0
1086,1065,1,1,4,1,2,,1,,10,9,10,,1,,1,2,2,2,2,2,2,1,5,5,1,0,0,0,0,0,1,4,1,1,0,0,0,0
1087,1066,1,1,5,2,1,1,,,7,7,1,,1,,1,3,2,2,2,2,2,4,1,5,1,0,0,0,0,0,5,5,5,1,0,0,0,0
1088,1067,1,1,5,2,1,1,,,8,7,10,1,,1,,4,2,2,2,2,2,1,1,6,1,0,0,0,0,0,4,5,5,0,0,0,0,0
1089,1068,1,1,4,2,1,1,,,9,8,8,,1,,1,3,2,2,2,2,2,4,3,5,1,0,0,0,0,0,4,1,5,1,0,0,0,0
1090,1069,1,1,4,1,1,1,,,10,5,0,,2,,2,3,2,2,2,2,2,4,1,6,1,0,0,0,0,0,4,4,4,1,0,0,0,0
1091,1070,1,1,3,1,1,2,,,5,8,0,,1,,1,3,2,2,2,2,2,3,1,5,1,0,0,0,0,0,5,5,5,1,0,0,0,0
1092,1071,1,1,4,1,1,2,,,7,6,7,,2,,2,3,2,2,2,2,2,4,1,3,0,0,0,1,0,0,5,5,5,1,0,0,0,0
1093,1072,1,1,3,2,2,,1,,8,8,10,,1,,2,2,1,2,2,2,1,2,5,5,1,0,0,0,0,0,4,1,4,1,0,0,0,0
1094,1073,1,1,4,1,1,1,,,8,9,1,,2,,1,3,2,2,2,2,2,4,1,6,0,1,0,0,0,0,5,4,4,1,0,0,0,0
1095,799,1,1,3,1,1,1,,,6,6,5,2,,2,,4,2,2,2,2,2,2,5,5,1,0,0,0,0,0,4,5,4,0,1,1,0,0
1096,1074,1,1,3,1,2,,1,,10,4,10,,1,,1,3,2,2,2,2,2,4,1,5,1,0,0,0,0,0,1,1,1,1,0,0,0,0
1097,1075,1,1,3,2,2,,1,,10,9,7,,1,,2,3,1,1,1,1,1,4,4,5,1,0,0,0,0,0,4,4,1,1,0,0,0,0
1098,1076,1,1,4,2,1,1,,,7,8,2,3,,1,,2,1,1,1,1,2,1,2,3,1,0,0,0,0,0,5,5,4,0,0,0,0,0
1099,75,1,1,3,1,2,,2,,7,3,7,,1,,2,3,2,2,2,2,2,2,2,5,0,1,0,0,0,0,5,4,4,1,1,1,0,0
1100,1077,1,1,5,2,1,1,,,7,6,7,,1,,2,2,2,2,2,2,2,2,1,5,1,0,0,0,0,0,4,1,4,1,1,1,0,0
1101,1078,1,1,3,2,3,,,2,7,10,7,,3,,1,3,2,2,2,2,2,1,1,5,0,0,0,1,0,0,5,4,4,1,0,0,0,0
1102,1079,1,1,4,1,3,,,3,7,10,5,,3,,2,2,2,2,2,2,2,3,1,3,1,0,1,0,0,0,4,4,4,1,0,0,0,0
1103,1080,1,1,3,2,2,,1,,10,10,10,2,,1,,3,1,1,1,1,1,1,2,8,0,1,0,0,0,0,4,5,4,0,1,1,0,0
1104,1081,1,1,4,1,2,,1,,8,2,9,1,,2,,3,2,1,2,2,2,2,4,5,1,0,0,0,0,0,1,5,1,0,0,0,0,0
1105,1082,1,1,3,1,1,2,,,3,8,2,2,,2,,3,2,2,2,2,2,4,1,3,1,0,0,0,0,0,1,1,4,0,0,0,0,0
1106,1083,1,1,3,2,1,2,,,5,5,5,1,,3,,3,2,2,2,2,2,4,5,3,0,1,0,0,0,0,5,4,5,0,0,0,0,0
1107,1084,1,1,3,1,1,1,,,10,8,9,,1,,2,4,1,1,1,1,1,4,4,6,0,1,0,0,0,0,1,4,1,1,0,0,0,0
1108,1085,1,1,5,2,2,,2,,7,7,3,1,,1,,3,2,2,2,2,2,2,1,6,1,0,0,0,0,0,1,1,1,0,0,0,0,0
1109,1086,1,1,7,2,2,,1,,7,0,9,1,,1,,2,2,2,1,2,2,4,1,3,1,0,0,0,0,0,1,1,4,0,0,0,0,0
1110,1087,1,1,5,1,3,,,3,8,7,6,,2,,2,4,2,2,2,2,2,2,2,6,0,1,0,0,0,0,4,5,4,1,0,0,0,0
1111,1088,1,1,2,1,1,2,,,5,7,1,,1,,1,3,2,2,2,2,2,3,1,3,0,0,0,1,0,0,5,5,5,1,0,0,0,0
1112,1089,1,1,2,1,3,,,3,7,8,8,,1,,1,3,2,2,2,2,2,1,1,5,1,0,0,0,0,0,4,1,4,1,0,0,0,0
1113,1090,1,1,4,2,2,,1,,7,7,7,,2,,2,3,2,2,2,1,1,1,3,5,1,0,0,0,0,0,4,1,4,1,0,0,0,0
1114,1091,1,1,3,1,2,,1,,8,7,9,2,,1,,3,1,1,1,1,1,3,2,5,1,0,0,0,0,0,4,5,4,0,0,0,0,0
1115,1092,1,1,3,1,3,,,3,7,6,8,,1,,2,3,2,2,2,2,2,4,1,4,1,0,0,0,0,0,4,4,5,1,0,0,0,0
1116,1093,1,1,3,1,3,,,1,7,5,6,1,,1,,3,2,2,2,2,2,2,1,4,0,1,0,0,0,0,1,5,4,0,0,0,0,0
1117,1094,1,1,5,2,2,,1,,9,7,8,,1,,2,3,1,1,1,1,1,2,2,5,1,0,0,0,0,0,4,5,4,1,0,0,0,0
1118,1095,1,1,6,1,2,,1,,8,4,9,,1,,2,3,2,2,2,2,2,1,2,5,1,0,0,0,0,0,4,4,5,1,0,0,0,0
1119,1096,1,1,3,1,1,2,,,3,7,0,1,,1,,3,2,2,2,2,2,4,1,5,1,0,0,0,0,0,4,1,4,0,0,0,0,0
1120,1097,1,1,3,1,1,1,,,6,7,1,,1,,3,1,1,2,1,1,2,1,1,1,0,0,0,0,0,1,1,4,5,1,1,0,0,1
1121,1098,1,1,6,2,2,,2,,1,1,8,1,,1,,3,2,2,2,2,2,4,1,6,1,0,0,0,0,0,1,1,4,0,0,0,0,0
1122,1099,1,1,4,1,2,,1,,6,7,8,,1,,1,3,1,1,1,2,2,3,2,6,1,0,0,0,0,0,1,4,4,1,0,0,0,0
1123,1100,1,1,3,1,2,,1,,3,2,9,2,,3,,3,2,2,2,2,2,3,5,6,1,0,0,0,0,0,4,1,4,0,0,0,0,0
1124,1101,1,1,4,1,2,,1,,8,7,9,1,,1,,3,2,2,2,2,2,1,4,5,0,1,0,0,0,0,4,1,4,0,0,0,0,0
1125,1102,1,1,6,2,2,,1,,8,7,8,,1,,1,2,2,2,2,1,1,1,3,6,1,0,0,0,0,0,4,5,5,1,0,0,0,0
1126,1103,1,1,5,1,3,,,3,3,0,0,,1,,1,3,2,2,2,2,2,1,1,2,1,0,0,0,0,0,1,1,4,1,0,0,0,0
1127,1104,1,1,3,1,1,1,,,4,8,7,1,,1,,3,2,2,2,2,2,4,1,5,1,0,0,0,0,0,1,5,5,0,0,0,0,0
1128,1105,1,1,3,1,2,,1,,8,0,10,2,,1,,3,2,2,2,2,2,4,1,5,1,0,0,0,0,0,4,4,4,0,0,0,0,0
1129,1106,1,1,4,1,1,1,,,8,10,2,2,,2,,3,2,2,2,2,2,3,2,5,0,0,0,1,0,0,5,5,5,0,0,0,0,0
1130,1107,1,1,4,1,1,1,,,7,7,9,1,,3,,3,1,2,2,2,2,1,4,5,0,1,0,0,0,0,1,5,1,0,0,0,0,0
1131,1108,1,1,4,1,1,2,,,7,8,4,1,,2,,3,2,2,2,2,2,4,2,3,1,0,0,0,0,0,1,1,4,0,1,1,0,0
1132,1109,1,1,3,1,2,,1,,5,7,10,1,,1,,3,2,2,2,2,1,2,1,5,1,0,0,0,0,0,1,4,1,0,0,0,0,0
1133,1110,1,1,5,2,1,2,,,7,5,2,,2,,2,4,2,2,2,2,2,4,1,8,0,1,0,0,0,0,1,1,4,1,0,0,0,0
1134,1111,1,1,4,1,1,2,,,8,6,2,2,,2,,3,2,2,2,2,2,4,1,5,1,0,0,0,0,0,1,1,4,0,0,0,0,0
1135,1112,1,1,5,1,1,2,,,7,9,3,,1,,1,3,2,2,2,2,2,2,5,5,1,0,0,0,0,0,5,5,4,1,0,0,0,0
1136,1113,1,1,3,2,1,1,,,7,2,0,2,,1,,3,1,1,2,2,2,2,3,5,1,0,0,0,0,0,4,1,1,0,0,0,0,0
1137,1114,1,1,5,1,2,,1,,9,7,7,2,,2,,3,2,2,2,2,1,1,3,5,1,0,0,0,0,0,4,4,5,0,0,0,0,0
1138,1115,1,1,3,2,2,,1,,6,2,2,2,,2,,2,1,1,2,1,1,2,2,4,1,0,0,0,0,0,4,5,4,0,0,0,0,0
1139,1116,1,1,4,1,2,,1,,7,7,9,,2,,2,4,1,1,1,1,1,3,3,5,1,0,0,0,0,0,4,4,4,1,0,0,0,0
1140,1117,1,1,5,1,3,,,1,9,4,9,,1,,2,3,2,2,2,2,2,3,1,5,1,0,0,0,0,0,1,4,1,1,0,0,0,0
1141,1118,1,1,4,1,2,,2,,8,5,8,1,,1,,3,2,2,2,2,2,1,3,5,1,0,0,0,0,0,5,5,5,0,0,0,0,0
1142,1119,1,1,7,1,3,,,1,8,8,4,1,,2,,3,1,1,1,1,1,1,3,2,1,0,0,0,0,0,4,4,5,0,0,0,0,0
1143,1120,1,1,3,1,2,,1,,9,5,8,1,,2,,3,2,2,2,2,2,2,2,5,0,1,0,0,0,0,4,4,4,0,0,0,0,0
1144,1121,1,1,3,1,1,1,,,9,9,2,,3,,3,3,2,2,2,2,2,2,1,6,1,0,0,0,0,0,5,5,5,1,0,0,0,0
1145,1122,1,1,4,1,2,,1,,7,5,9,,2,,2,3,2,2,2,2,2,3,1,5,1,0,0,0,0,0,1,4,5,1,0,0,0,0
1146,1123,1,1,5,1,1,1,,,10,9,8,1,,2,,4,1,1,1,1,1,1,4,6,0,1,0,0,0,0,4,1,4,0,0,0,0,0
1147,1124,1,1,3,2,2,,1,,6,4,8,,2,,1,3,2,2,2,2,2,1,1,2,1,0,0,0,0,0,1,4,1,1,1,0,0,1
1148,1125,1,1,3,1,3,,,2,9,7,8,1,,2,,3,2,2,2,2,2,1,2,6,1,0,0,0,0,0,4,5,1,0,0,0,0,0
1149,1126,1,1,2,1,2,,1,,7,8,8,2,,2,,2,1,2,2,2,2,2,3,2,1,0,0,0,0,0,1,4,5,0,0,0,0,0
1150,1127,1,1,4,2,2,,1,,8,7,10,2,,1,,3,1,2,2,1,1,2,3,5,1,0,0,0,0,0,4,1,5,0,0,0,0,0
1151,1128,1,1,4,2,3,,,2,6,6,6,2,,2,,2,2,2,2,2,2,1,1,4,1,0,0,0,0,0,5,5,4,0,1,0,0,1
1152,1129,1,1,5,1,2,,2,,7,7,6,,3,,2,2,1,2,1,1,1,2,5,5,1,0,0,0,0,0,1,4,5,1,0,0,0,0
1153,1130,1,1,7,1,1,1,,,9,10,0,,1,,1,4,2,2,2,2,2,4,1,5,1,0,0,0,0,0,4,4,4,1,0,0,0,0
1154,815,1,1,2,2,2,,1,,6,8,3,,2,,2,3,1,2,2,2,2,2,2,2,1,0,0,0,0,0,4,1,4,1,1,1,0,0
1155,1131,1,1,3,1,2,,1,,10,7,8,1,,2,,3,2,2,2,2,2,3,4,6,0,1,0,0,0,0,4,1,4,0,1,0,1,0
1156,1132,1,1,6,1,2,,1,,9,0,10,,1,,2,2,2,2,2,2,2,1,3,5,1,0,0,0,0,0,4,1,1,1,1,0,0,1
1157,1133,1,1,4,1,1,1,,,8,10,10,,2,,1,2,1,1,1,2,1,2,1,5,0,1,0,0,0,0,4,5,4,1,0,0,0,0
1158,1134,1,1,3,1,2,,1,,8,8,8,,1,,1,3,1,2,2,2,2,4,4,5,1,0,0,0,0,0,1,1,1,1,0,0,0,0
1159,1135,1,1,3,1,2,,2,,8,10,,,1,,1,4,2,2,2,2,2,1,1,5,1,0,0,0,0,0,4,5,5,1,0,0,0,0
1160,1136,1,1,3,1,1,1,,,8,9,7,1,,1,,3,1,2,2,1,1,4,4,5,1,1,1,1,1,0,5,4,5,0,0,0,0,0
1161,1137,1,1,5,1,1,1,,,8,10,2,,1,,2,3,2,2,2,2,2,4,1,5,1,0,0,0,0,0,1,5,4,1,0,0,0,0
1162,1138,1,1,3,1,2,,1,,8,2,6,2,,2,,2,1,1,1,1,1,2,2,4,0,0,1,0,0,0,1,4,5,0,0,0,0,0
1163,1139,1,1,5,2,3,,,3,6,8,2,1,,2,,3,2,2,2,2,1,1,3,6,0,1,0,0,0,0,4,1,1,0,0,0,0,0
1164,1140,1,1,3,2,3,,,2,8,8,7,1,,1,,3,2,2,2,2,2,1,1,2,1,0,0,0,0,0,4,4,5,0,0,0,0,0
1165,1141,1,1,5,2,1,1,,,10,10,3,,1,,1,2,2,2,2,2,2,2,1,5,1,0,0,0,0,0,1,1,1,1,0,0,0,0
1166,1142,1,1,3,1,1,1,,,6,7,3,,1,,1,2,2,2,2,2,2,2,2,5,1,0,0,0,0,0,4,5,4,1,1,0,0,1
1167,1143,1,1,3,1,3,,,2,8,7,8,,2,,1,3,1,1,1,1,1,2,2,6,1,0,0,0,0,0,4,5,4,1,0,0,0,0
1168,1144,1,1,3,1,2,,1,,10,2,10,,1,,1,4,1,2,2,2,2,3,1,5,1,0,0,0,1,0,1,1,1,1,1,0,0,1
1169,1145,1,1,3,1,1,1,,,9,9,0,2,,2,,3,2,2,2,2,2,4,1,5,1,0,0,0,0,0,5,5,5,0,0,0,0,0
1170,1077,1,1,3,1,3,,,1,7,6,8,1,,2,,3,1,2,2,2,2,3,3,6,0,1,0,0,0,0,1,4,5,0,1,1,0,0
1171,1146,1,1,3,2,2,,1,,10,0,10,,2,,2,4,2,2,2,2,2,2,5,6,1,0,0,0,0,0,4,4,4,1,0,0,0,0
1172,1147,1,1,3,2,1,2,,,7,4,2,,2,,1,2,2,2,2,2,2,2,2,5,1,0,0,0,0,0,4,1,1,1,0,0,0,0
1173,1148,1,1,3,1,2,,1,,6,7,9,,1,,2,2,1,1,2,1,2,1,2,5,1,0,0,0,0,0,4,1,5,1,0,0,0,0
1174,1149,1,1,3,1,1,1,,,9,9,7,1,,2,,3,1,1,1,2,2,2,5,6,1,0,0,0,0,0,4,1,4,0,1,0,0,1
1175,1150,1,1,5,1,1,1,,,8,9,8,3,,2,,3,2,2,2,2,2,1,4,5,1,0,0,0,0,0,4,1,5,0,0,0,0,0
1176,1151,1,1,3,2,2,,1,,8,6,7,,2,,1,4,2,2,2,2,2,1,3,6,1,0,0,0,0,0,4,1,5,1,0,0,0,0
1177,1152,1,1,4,1,2,,1,,8,1,9,1,,2,,3,1,1,1,1,1,2,3,5,1,0,0,0,0,0,1,4,1,0,0,0,0,0
1178,1153,1,1,4,1,1,1,,,8,7,8,1,,1,,3,2,1,1,1,1,1,3,5,1,0,0,0,0,0,4,1,4,0,0,0,0,0
1179,1154,1,1,3,1,2,,2,,7,7,6,,2,,1,3,2,2,2,2,2,2,2,5,1,0,0,0,0,0,4,1,4,1,0,0,0,0
1180,1155,1,1,3,2,1,1,,,8,10,9,1,,1,,3,2,1,1,1,1,3,3,5,1,1,1,1,1,1,5,4,5,0,0,0,0,0
1181,1156,1,1,4,2,2,,1,,9,4,10,,1,,2,3,2,2,2,1,1,2,3,5,0,1,0,0,0,0,1,4,1,1,0,0,0,0
1182,1157,1,1,3,1,1,1,,,8,8,2,2,,1,,3,2,2,2,2,2,4,1,5,1,0,0,0,0,0,4,4,5,0,0,0,0,0
1183,1158,1,1,4,1,2,,1,,6,9,9,3,,2,,4,2,2,2,2,2,1,2,5,0,1,0,0,0,0,1,4,4,0,0,0,0,0
1184,1159,1,1,3,1,3,,,1,5,8,8,2,,1,,3,1,1,1,1,1,1,3,6,0,1,0,0,0,0,4,1,4,0,0,0,0,0
1185,1160,1,1,2,1,2,,1,,7,9,3,1,,1,,3,2,2,2,2,2,1,2,5,0,1,0,0,0,0,1,1,1,0,0,0,0,0
1186,1161,1,1,3,1,2,,1,,8,7,8,,2,,1,3,1,1,1,1,1,2,4,6,1,0,0,0,0,0,4,4,1,1,0,0,0,0
1187,1162,1,1,3,2,2,,1,,7,1,2,1,,2,,3,2,2,2,1,1,1,3,6,1,0,0,0,0,0,1,1,4,0,0,0,0,0
1188,1163,1,1,3,2,3,,,2,7,7,4,,1,,1,3,2,2,2,2,2,1,1,5,1,0,0,0,0,0,1,1,4,1,1,0,1,0
1189,1164,1,1,5,2,3,,,1,9,3,8,2,,1,,4,2,2,2,2,2,4,1,5,1,0,0,0,0,0,4,1,4,0,0,0,0,0
1190,1165,1,1,5,2,2,,1,,9,7,7,,1,,1,3,1,1,1,1,1,1,1,6,1,0,0,0,0,0,4,4,4,1,1,0,0,1
1191,516,1,1,3,1,2,,1,,10,8,8,1,,1,,3,2,2,2,2,2,4,5,5,1,1,1,1,1,0,1,1,1,0,1,1,0,0
1192,1166,1,1,3,1,2,,1,,10,10,10,,1,,1,3,1,1,1,1,1,1,5,6,0,1,0,0,0,0,1,4,1,1,0,0,0,0
1193,1167,1,1,3,1,2,,1,,9,10,1,1,,2,,3,2,2,2,2,2,3,1,5,1,0,0,0,0,0,4,1,4,0,0,0,0,0
1194,1168,1,1,3,1,1,1,,,9,8,7,,1,,2,2,2,2,2,1,1,4,3,8,1,0,0,0,0,0,1,4,1,1,0,0,0,0
1195,1169,1,1,5,1,2,,1,,8,0,8,,1,,3,3,2,2,2,2,2,4,1,5,0,1,0,0,0,0,1,1,4,1,0,0,0,0
1196,1170,1,1,3,1,1,1,,,8,9,5,2,,1,,3,2,2,2,2,2,3,1,5,1,0,0,0,0,0,1,4,1,0,0,0,0,0
1197,1171,1,1,5,2,1,1,,,7,8,5,,1,,2,3,2,2,2,2,2,2,2,5,1,0,0,0,0,0,1,1,4,1,0,0,0,0
1198,1172,1,1,3,2,1,1,,,9,9,2,2,,2,,4,2,2,2,2,2,2,2,4,1,0,0,0,0,0,5,5,5,0,0,0,0,0
1199,1173,1,1,3,1,1,2,,,6,9,1,,2,,2,3,2,2,2,2,2,4,1,5,1,0,0,0,0,0,1,1,4,1,0,0,0,0
1200,1174,1,1,2,1,2,,1,,8,7,6,2,,2,,4,2,2,2,2,2,4,1,5,1,0,0,0,0,0,1,1,5,0,0,0,0,0
1201,1175,1,1,2,1,2,,1,,9,9,9,,2,,2,3,1,2,2,2,2,4,1,5,1,0,0,0,0,0,4,4,1,1,0,0,0,0
1202,1176,1,1,5,1,2,,1,,7,5,8,,2,,3,3,2,2,2,2,2,1,4,5,0,1,0,0,0,0,4,1,4,1,0,0,0,0
1203,1177,1,1,3,1,1,1,,,10,9,1,,1,,1,3,2,2,2,2,2,4,1,5,0,0,0,1,0,0,4,1,4,1,0,0,0,0
1204,1178,1,1,4,1,2,,1,,7,4,8,,1,,1,3,2,2,2,2,2,2,1,5,0,1,0,0,0,0,1,4,1,1,0,0,0,0
1205,1179,1,1,3,1,1,1,,,7,7,7,,1,,2,2,1,2,1,1,1,4,5,5,1,0,0,0,0,0,4,1,4,1,0,0,0,0
1206,1180,1,1,3,1,2,,1,,3,3,9,1,,2,,3,2,2,2,2,2,3,5,6,1,0,0,0,0,0,4,1,4,0,0,0,0,0
1207,1181,1,1,3,1,1,1,,,7,9,7,,1,,2,2,2,2,2,2,2,4,1,6,0,1,0,0,0,0,5,4,4,1,0,0,0,0
1208,1182,1,1,6,2,1,1,,,10,8,0,,2,,2,3,2,2,2,2,2,4,1,8,1,0,0,0,0,0,5,1,5,1,0,0,0,0
1209,1183,1,1,4,2,1,1,,,9,8,8,,1,,2,3,2,2,2,2,1,2,3,6,0,1,0,0,0,0,5,4,5,1,0,0,0,0
1210,1184,1,1,5,2,2,,1,,8,8,8,1,,1,,2,1,1,1,1,1,2,4,5,0,0,1,0,0,0,4,1,1,0,0,0,0,0
1211,1185,1,1,4,1,1,1,,,8,9,10,1,,1,,3,1,1,1,1,2,2,4,5,0,1,0,0,0,0,1,4,1,0,0,0,0,0
1212,1186,1,1,3,1,2,,1,,10,9,9,,2,,1,3,1,1,1,1,1,4,3,6,1,0,0,0,0,0,4,4,1,1,0,0,0,0
1213,910,1,1,3,1,1,1,,,8,8,9,2,,1,,3,1,1,1,2,1,1,4,5,1,0,0,0,0,0,1,5,4,0,1,1,0,0
1214,1187,1,1,4,2,2,,1,,10,9,10,3,,2,,3,1,2,2,2,2,2,3,5,1,0,0,0,0,0,5,5,4,0,0,0,0,0
1215,1188,1,1,5,2,1,1,,,9,8,7,,2,,2,3,2,2,2,2,2,1,2,6,1,0,0,0,0,0,4,4,5,1,0,0,0,0
1216,1189,1,1,3,2,2,,1,,7,5,10,3,,3,,3,2,2,2,2,2,4,1,5,0,1,0,0,0,0,4,4,4,0,1,0,0,1
1217,1190,1,1,2,1,1,2,,,6,7,4,2,,2,,3,2,2,2,2,2,4,2,5,0,0,0,1,0,0,1,1,4,0,0,0,0,0
1218,1191,1,1,6,2,2,,1,,10,0,10,,2,,2,3,2,2,2,2,2,4,1,5,1,0,0,0,0,0,1,1,1,1,0,0,0,0
1219,570,1,1,4,1,1,1,,,7,9,6,,1,,2,3,1,2,2,2,2,1,3,5,1,0,0,0,0,0,4,4,5,1,1,1,0,0
1220,1192,1,1,3,1,1,1,,,4,7,7,2,,1,,3,2,2,2,2,2,2,2,5,1,0,0,0,0,0,5,4,4,0,0,0,0,0
1221,1193,1,1,2,1,2,,1,,8,0,8,1,,1,,3,2,2,2,2,2,4,1,5,1,0,0,0,0,0,1,1,1,0,0,0,0,0
1222,1194,1,1,5,1,2,,1,,9,4,10,1,,1,,3,2,2,2,2,2,4,1,5,1,0,0,0,0,0,4,5,4,0,0,0,0,0
1223,1195,1,1,4,1,2,,1,,10,6,3,1,,2,,3,1,1,1,1,1,4,4,6,1,0,0,0,0,0,4,1,1,0,0,0,0,0
1224,1196,1,1,3,1,2,,2,,3,4,7,,1,,1,3,2,2,2,2,2,4,1,5,1,0,0,0,0,0,4,5,4,1,0,0,0,0
1225,1197,1,1,3,2,2,,1,,7,7,7,2,,3,,2,2,2,2,2,2,2,2,5,1,0,0,0,0,0,4,1,1,0,0,0,0,0
1226,1198,1,1,4,2,1,1,,,6,3,7,2,,1,,3,1,2,2,1,2,2,3,5,1,0,0,0,0,0,4,1,4,0,0,0,0,0
1227,1199,1,1,4,1,1,1,,,6,8,4,,2,,1,3,2,2,2,2,2,2,4,5,1,0,0,0,0,0,4,5,4,1,0,0,0,0
1228,1200,1,1,5,1,2,,1,,9,4,10,1,,1,,3,2,2,2,2,2,1,4,2,1,0,0,0,0,0,1,1,1,0,0,0,0,0
1229,1201,1,1,5,1,1,2,,,9,5,0,,1,,1,3,2,2,2,2,2,3,1,6,1,0,0,0,0,0,1,1,4,1,0,0,0,0
1230,1202,1,1,3,2,1,1,,,8,8,2,,1,,1,4,2,2,2,2,2,2,3,5,1,0,0,0,0,0,1,4,1,1,0,0,0,0
1231,1203,1,1,3,1,2,,1,,9,9,9,,1,,1,3,1,1,1,1,1,2,2,6,0,1,0,0,0,0,4,5,4,1,0,0,0,0
1232,1204,1,1,4,2,2,,2,,7,2,8,1,,1,,4,2,2,2,2,2,4,1,6,1,0,0,0,0,0,1,1,4,0,0,0,0,0
1233,1108,1,1,3,2,1,2,,,4,8,2,,1,,2,4,2,2,2,2,2,3,1,5,1,0,0,0,0,0,1,4,4,1,1,1,0,0
1234,1205,1,1,6,1,2,,1,,8,7,4,3,,1,,3,2,2,2,2,2,1,3,5,1,0,0,0,0,0,4,5,4,0,0,0,0,0
1235,1206,1,1,3,1,2,,1,,8,7,8,,1,,1,3,1,1,1,1,1,2,4,3,1,0,0,0,0,0,1,4,1,1,0,0,0,0
1236,1207,1,1,3,1,1,1,,,8,8,8,1,,2,,2,1,2,1,2,2,3,3,5,1,0,0,0,0,0,1,4,5,0,1,0,0,1
1237,1208,1,1,7,1,2,,1,,9,6,10,1,,1,,2,1,1,1,1,1,2,3,6,1,0,0,0,0,0,4,1,4,0,0,0,0,0
1238,1209,1,1,4,2,2,,1,,10,9,10,1,,1,,3,1,1,1,1,1,3,2,6,0,1,0,0,0,0,4,1,4,0,0,0,0,0
1239,1210,1,1,3,1,1,1,,,8,10,9,,1,,2,4,1,1,1,1,1,4,4,6,0,1,0,0,0,0,1,4,4,1,0,0,0,0
1240,1211,1,1,5,2,1,1,,,6,6,3,3,,3,,3,2,2,2,2,2,4,1,5,0,0,0,1,0,0,5,5,5,0,0,0,0,0
1241,1212,1,1,6,1,3,,,1,7,4,8,1,,2,,3,1,2,2,2,1,1,3,5,1,0,0,0,0,0,1,1,4,0,0,0,0,0
1242,1213,1,1,3,2,1,1,,,7,7,0,,2,,2,3,2,2,2,2,2,4,1,4,1,0,0,0,0,0,4,4,5,1,0,0,0,0
1243,1214,1,1,3,2,2,,1,,7,9,9,2,,3,,3,1,1,1,1,1,1,2,5,1,0,0,0,0,0,4,5,1,0,1,0,0,1
1244,1215,1,1,3,1,1,1,,,8,7,5,,1,,2,2,1,2,2,1,1,2,3,5,1,0,0,0,0,0,4,1,1,1,0,0,0,0
1245,1216,1,1,5,2,1,1,,,8,9,5,1,,2,,3,2,2,2,2,2,2,1,6,1,0,0,0,0,0,5,5,4,0,0,0,0,0
1246,1217,1,1,5,1,1,1,,,9,8,4,,1,,2,3,2,2,2,2,2,4,1,6,1,0,0,0,0,0,5,5,5,1,0,0,0,0
1247,1218,1,1,3,1,1,1,,,7,9,7,,2,,1,3,2,2,2,2,2,2,1,4,0,1,0,0,0,0,4,4,4,1,0,0,0,0
1248,1219,1,1,4,2,1,1,,,10,10,5,,3,,3,4,2,2,2,2,2,4,1,6,0,1,0,0,0,0,4,4,5,1,1,0,0,1
1249,1220,1,1,3,2,2,,1,,8,5,10,,3,,3,3,2,2,2,1,1,2,1,5,1,0,0,0,0,0,1,1,4,1,1,0,0,1
1250,1221,1,1,3,1,1,1,,,8,8,0,2,,1,,4,2,2,2,2,2,2,1,3,1,0,0,0,0,0,5,5,5,0,0,0,0,0
1251,1222,1,1,3,1,2,,1,,9,2,9,2,,2,,2,2,2,2,2,2,4,1,5,1,0,0,0,0,0,4,5,5,0,1,1,0,1
1252,1223,1,1,3,2,1,1,,,9,10,3,,1,,2,3,2,2,2,2,2,1,4,5,1,0,0,0,0,0,5,5,4,1,0,0,0,0
1253,1224,1,1,4,1,2,,2,,7,2,8,,2,,2,3,2,2,2,2,2,4,1,5,1,0,0,0,0,0,1,1,4,1,0,0,0,0
1254,1225,1,1,3,2,1,1,,,6,9,6,1,,2,,4,2,2,2,2,2,4,5,5,1,0,0,0,0,0,5,5,4,0,0,0,0,0
1255,1226,1,1,4,1,1,1,,,5,5,3,,1,,1,3,2,2,2,2,2,2,1,5,0,1,0,0,0,0,4,1,4,1,0,0,0,0
1256,1227,1,1,6,1,1,1,,,9,9,7,,1,,2,3,1,1,1,1,1,2,4,5,1,0,0,0,0,0,1,4,1,1,0,0,0,0
1257,1228,1,1,3,1,1,1,,,8,6,5,,2,,2,3,1,2,2,2,2,2,3,5,1,0,0,0,0,0,4,1,4,1,0,0,0,0
1258,1229,1,1,3,2,2,,1,,8,7,8,,1,,2,2,1,2,2,2,2,1,2,5,1,0,0,0,0,0,1,4,5,1,0,0,0,0
1259,1230,1,1,4,2,2,,2,,7,2,6,1,,1,,3,2,2,2,2,2,4,1,6,1,0,0,0,0,0,1,1,4,0,0,0,0,0
1260,1231,1,1,4,1,2,,1,,9,3,9,1,,1,,4,2,2,2,2,2,4,1,6,1,0,0,0,0,0,5,1,1,0,1,0,0,1
1261,1232,1,1,6,2,3,,,2,8,10,2,,1,,1,3,2,2,2,2,2,4,1,4,1,0,0,0,0,0,1,1,1,1,0,0,0,0
1262,805,1,1,3,1,2,,1,,7,6,8,,1,,2,4,2,2,2,2,1,2,3,5,1,0,0,0,0,0,4,1,4,1,1,1,0,0
1263,1233,1,1,4,2,1,1,,,8,8,3,,2,,1,3,2,2,2,1,1,2,4,5,1,0,0,0,0,0,4,4,1,1,0,0,0,0
1264,1234,1,1,3,2,1,1,,,8,8,3,,1,,2,3,2,2,2,2,1,1,2,5,1,0,0,0,0,0,5,4,4,1,0,0,0,0
1265,1235,1,1,3,2,3,,,1,8,0,6,1,,3,,3,2,2,2,2,2,4,1,5,1,0,0,0,0,0,1,1,4,0,0,0,0,0
1266,1236,1,1,3,1,1,1,,,9,9,2,1,,3,,4,2,2,2,1,1,4,1,6,1,0,0,0,0,0,1,1,4,0,0,0,0,0
1267,1237,1,1,3,2,1,1,,,6,9,2,,2,,2,3,2,2,2,2,2,1,1,4,1,0,0,0,0,0,5,5,4,1,1,0,0,1
1268,1238,1,1,3,2,1,1,,,8,10,3,2,,2,,4,2,2,2,1,1,2,1,5,1,0,0,0,0,0,5,5,5,0,0,0,0,0
1269,1239,1,1,3,2,2,,1,,8,9,9,,1,,1,2,2,2,2,2,2,1,3,5,1,0,0,0,0,0,1,4,1,1,0,0,0,0
1270,1240,1,1,3,1,3,,,2,8,8,7,,1,,2,3,2,2,2,2,2,4,1,3,0,1,0,0,0,0,1,1,5,1,0,0,0,0
1271,1241,1,1,3,1,1,1,,,9,9,2,,1,,1,2,2,2,2,1,1,2,2,5,1,0,0,0,0,0,4,4,4,1,0,0,0,0
1272,1242,1,1,2,2,2,,1,,8,5,8,1,,2,,4,2,2,2,2,2,3,1,5,1,0,0,0,0,0,1,1,4,0,1,1,0,0
1273,1243,1,1,3,1,2,,1,,8,3,,1,,2,,3,1,1,1,1,2,2,4,6,1,0,0,0,0,0,1,1,4,0,0,0,0,0
1274,1244,1,1,2,2,1,2,,,5,4,6,,1,,1,2,2,2,2,2,2,1,4,3,0,0,1,0,0,0,5,5,4,1,0,0,0,0
1275,1245,1,1,4,1,2,,1,,6,3,8,1,,1,,3,2,2,2,2,2,3,1,5,1,0,0,0,0,0,1,4,4,0,1,0,0,1
1276,1246,1,1,4,2,1,1,,,10,10,2,,1,,1,3,2,2,2,2,2,2,1,5,1,0,0,0,0,0,5,5,5,1,1,0,0,1
1277,1247,1,1,3,1,2,,1,,7,0,10,1,,1,,4,2,2,2,2,2,4,1,5,1,0,0,0,0,0,1,4,1,0,0,0,0,0
1278,1248,1,1,4,1,1,2,,,5,8,5,2,,2,,3,2,2,2,2,2,2,1,5,1,0,0,0,0,0,1,1,1,0,0,0,0,0
1279,599,1,1,4,1,2,,1,,9,7,10,,1,,2,3,1,1,1,1,1,4,5,6,1,0,0,0,0,0,1,4,5,1,1,1,0,0
1280,1249,1,1,5,1,1,2,,,4,7,2,,1,,1,3,2,2,2,2,2,4,1,4,1,0,0,0,0,0,5,4,5,1,0,0,0,0
1281,1250,1,1,3,1,2,,1,,8,1,8,,1,,2,2,2,2,2,2,2,2,3,6,1,0,0,0,0,0,1,1,1,1,0,0,0,0
1282,1251,1,1,3,2,1,1,,,7,7,3,1,,1,,3,2,2,2,2,2,4,1,5,0,0,0,1,0,0,5,5,5,0,0,0,0,0
1283,1252,1,1,3,1,1,2,,,7,9,7,2,,3,,3,2,2,2,1,1,2,1,5,0,1,0,0,0,0,4,1,4,0,0,0,0,0
1284,1253,1,1,4,2,2,,1,,9,10,9,,1,,2,3,1,2,2,1,2,2,4,6,0,1,0,0,0,0,1,4,4,1,0,0,0,0
1285,1254,1,1,5,1,3,,,1,6,1,7,1,,1,,3,2,2,2,2,2,4,1,3,1,0,0,0,0,0,1,1,4,0,0,0,0,0
1286,1255,1,1,6,2,2,,1,,10,8,10,,2,,3,3,2,2,2,2,1,3,3,8,0,1,0,0,0,0,1,4,1,1,0,0,0,0
1287,1256,1,1,5,2,2,,1,,9,5,8,2,,1,,3,1,2,2,2,2,4,4,5,1,0,0,0,0,0,1,4,1,0,0,0,0,0
1288,1257,1,1,3,1,3,,,3,5,4,5,2,,1,,3,2,2,2,2,2,3,1,3,0,1,0,0,0,0,4,4,5,0,0,0,0,0
1289,1258,1,1,5,1,2,,1,,9,8,8,1,,1,,3,2,2,2,1,1,2,5,5,1,0,0,0,0,0,4,1,1,0,0,0,0,0
1290,1259,1,1,4,1,2,,1,,9,1,10,2,,2,,3,2,2,2,2,2,4,1,6,1,0,0,0,0,0,1,1,4,0,0,0,0,0
1291,1260,1,1,3,1,2,,1,,8,1,9,1,,1,,3,2,2,2,2,2,4,1,2,1,0,0,0,0,0,1,1,1,0,0,0,0,0
1292,1261,1,1,3,1,3,,,3,7,4,3,,1,,2,3,2,2,2,2,2,4,1,4,1,0,0,0,0,0,1,1,4,1,0,0,0,0
1293,1262,1,1,3,2,3,,,2,7,7,3,2,,1,,3,2,2,2,2,2,4,1,5,1,0,0,0,0,0,4,4,4,0,0,0,0,0
1294,1263,1,1,3,1,2,,1,,8,9,6,2,,2,,2,1,1,1,2,2,3,5,6,0,0,1,0,0,0,4,5,1,0,1,0,0,1
1295,1264,1,1,4,1,3,,,3,10,4,3,2,,1,,3,2,2,2,2,2,4,1,6,0,0,0,1,0,0,1,1,4,0,0,0,0,0
1296,1265,1,1,4,1,2,,2,,8,1,6,1,,1,,3,2,2,2,2,2,4,1,3,1,0,0,0,0,0,1,1,4,0,0,0,0,0
1297,1266,1,1,3,1,2,,1,,8,2,9,,1,,1,3,2,2,2,2,2,2,1,5,1,0,0,0,0,0,1,1,1,1,0,0,0,0
1298,1267,1,1,4,1,3,,,2,5,0,0,1,,1,,3,2,2,2,2,2,4,1,5,1,0,0,0,0,0,5,5,5,0,0,0,0,0
1299,1268,1,1,4,2,1,2,,,6,5,5,,1,,2,3,2,2,2,2,2,4,1,5,1,0,0,0,0,0,1,1,4,1,0,0,0,0
1300,1269,1,1,3,2,1,1,,,8,8,3,3,,1,,3,2,2,2,1,2,4,1,5,1,0,0,0,0,0,4,1,5,0,0,0,0,0
1301,1270,1,1,3,1,1,1,,,6,7,4,,1,,1,3,1,2,2,1,1,4,3,5,1,0,0,0,0,0,4,5,4,1,0,0,0,0
1302,1271,1,1,3,1,1,2,,,7,7,2,1,,1,,3,2,2,2,2,2,3,2,5,0,1,0,0,0,0,4,5,5,0,0,0,0,0
1303,1272,1,1,3,1,1,1,,,7,6,5,,2,,2,3,2,2,2,2,2,2,1,5,1,0,0,0,0,0,4,5,4,1,0,0,0,0
1304,205,1,1,3,2,2,,1,,8,9,9,1,,1,,2,2,2,2,2,2,1,3,5,1,0,0,0,0,0,4,1,1,0,1,1,0,0
1305,1273,1,1,5,2,2,,1,,8,9,8,,1,,2,3,2,2,2,1,2,1,3,5,1,0,0,0,0,0,5,5,1,1,0,0,0,0
1306,1274,1,1,3,2,1,1,,,8,7,7,2,,1,,4,2,2,2,1,1,2,2,5,1,0,0,0,0,0,4,1,5,0,0,0,0,0
1307,1275,1,1,4,1,2,,1,,9,3,7,1,,2,,3,2,2,2,2,2,1,3,5,1,0,0,0,0,0,4,5,4,0,0,0,0,0
1308,1276,1,1,6,1,1,2,,,9,7,1,2,,1,,3,2,2,2,2,2,4,1,6,0,1,0,0,0,0,1,1,1,0,1,0,0,1
1309,1277,1,1,4,1,2,,1,,8,5,8,,1,,2,2,2,2,2,2,1,2,4,5,0,1,0,0,0,0,5,5,5,1,0,0,0,0
1310,1278,1,1,5,1,2,,1,,8,0,8,,1,,2,4,1,1,1,1,1,3,3,5,0,1,0,0,0,0,4,5,1,1,0,0,0,0
1311,1279,1,1,3,1,2,,2,,7,2,7,,1,,1,2,2,2,2,2,2,4,1,3,1,0,0,0,0,0,4,4,4,1,0,0,0,0
1312,1280,1,1,3,1,1,1,,,8,9,1,,1,,1,4,2,2,2,2,2,4,1,4,0,0,0,1,0,0,4,4,5,1,0,0,0,0
1313,1281,1,1,5,2,2,,1,,8,4,10,,1,,1,3,2,2,2,2,2,4,1,5,1,0,0,0,0,0,5,4,5,1,0,0,0,0
1314,1282,1,1,4,1,3,,,1,7,7,6,2,,1,,3,1,1,1,2,2,2,3,5,1,0,0,0,0,0,4,1,4,0,0,0,0,0
1315,1283,1,1,3,2,1,2,,,5,9,5,,2,,1,3,2,2,2,2,2,3,1,5,1,0,0,0,0,0,5,4,4,1,0,0,0,0
1316,1284,1,1,3,1,2,,1,,7,8,10,,2,,2,3,2,2,2,2,2,1,1,5,1,0,0,0,0,0,4,4,4,1,0,0,0,0
1317,1285,1,1,6,1,2,,2,,5,5,7,2,,2,,3,2,2,2,2,2,2,2,4,1,0,0,0,0,0,4,1,1,0,0,0,0,0
1318,1286,1,1,5,2,2,,1,,6,8,8,2,,1,,2,1,1,1,1,1,2,3,5,0,1,0,0,0,0,4,5,4,0,0,0,0,0
1319,1287,1,1,4,2,2,,1,,7,6,8,2,,2,,3,2,2,2,2,2,3,1,5,0,1,0,0,0,0,4,5,4,0,0,0,0,0
1320,1288,1,1,6,1,2,,1,,9,8,10,1,,2,,3,1,1,2,1,1,2,4,6,0,1,0,0,0,0,1,4,1,0,1,1,0,0
1321,1289,1,1,4,1,3,,,1,6,5,3,3,,3,,3,2,2,2,1,2,1,3,3,1,0,0,0,0,0,4,5,4,0,0,0,0,0
1322,1290,1,1,3,1,1,2,,,9,8,1,2,,1,,3,2,2,2,2,2,4,1,6,0,0,0,1,0,0,1,1,5,0,0,0,0,0
1323,1291,1,1,4,1,3,,,2,7,7,4,,2,,2,3,1,1,1,1,1,1,3,5,1,0,0,0,0,0,4,5,4,1,0,0,0,0
1324,1292,1,1,5,2,2,,1,,8,2,10,,2,,2,2,1,2,2,2,2,1,3,5,1,0,0,0,0,0,1,4,4,1,0,0,0,0
1325,1293,1,1,6,1,2,,1,,10,2,10,,1,,1,3,2,2,2,2,2,2,2,5,1,0,0,0,0,0,1,1,1,1,1,0,0,1
1326,1294,1,1,3,1,1,1,,,8,9,4,,1,,1,3,2,2,2,2,2,4,1,5,0,0,1,0,0,0,4,4,4,1,0,0,0,0
1327,1295,1,1,3,1,1,2,,,8,7,3,,2,,2,2,2,2,2,2,2,4,1,3,1,0,0,0,0,0,4,1,1,1,0,0,0,0
1328,1296,1,1,3,1,1,1,,,8,6,4,2,,2,,3,2,2,2,2,2,2,3,5,1,0,0,0,0,0,4,1,5,0,0,0,0,0
1329,1297,1,1,4,1,1,1,,,8,8,3,,3,,3,4,2,2,2,2,2,4,1,5,1,0,0,0,0,0,5,5,5,1,0,0,0,0
1330,1298,1,1,3,1,2,,1,,9,8,8,,1,,1,4,2,2,2,2,2,2,4,5,1,0,0,0,0,0,1,4,1,1,0,0,0,0
1331,1299,1,1,3,1,3,,,1,9,10,8,2,,2,,3,1,1,1,1,1,4,2,5,1,0,0,0,0,0,5,4,5,0,0,0,0,0
1332,1300,1,1,3,2,1,1,,,6,7,6,,2,,2,4,2,2,2,2,2,1,1,5,1,0,0,0,0,0,4,4,4,1,0,0,0,0
1333,1301,1,1,3,2,1,1,,,6,8,3,3,,3,,3,2,2,2,2,2,3,3,5,1,0,0,0,0,0,5,5,4,0,0,0,0,0
1334,1302,1,1,6,2,2,,1,,10,1,10,1,,1,,4,2,2,2,2,2,2,1,5,1,0,0,0,0,0,4,4,5,0,0,0,0,0
1335,1303,1,1,3,2,1,1,,,9,9,0,1,,1,,3,2,2,2,2,2,4,1,5,0,0,0,1,0,0,4,1,4,0,0,0,0,0
1336,1304,1,1,3,1,1,1,,,9,7,4,,3,,3,3,2,2,2,2,2,4,1,5,1,0,0,0,0,0,5,4,5,1,0,0,0,0
1337,1080,1,1,3,1,2,,1,,8,7,9,1,,2,,3,2,2,2,1,1,3,1,6,1,0,0,0,0,0,1,4,4,0,1,1,0,0
1338,1305,1,1,5,2,1,1,,,9,8,4,,1,,2,3,2,2,2,2,2,2,4,5,1,0,0,0,0,0,4,1,1,1,0,0,0,0
1339,1306,1,1,3,2,2,,2,,5,5,5,,2,,2,3,2,2,2,2,2,4,1,3,1,0,0,0,0,0,1,1,4,1,0,0,0,0
1340,1307,1,1,3,2,3,,,3,4,2,0,,1,,1,3,2,2,2,2,2,4,1,4,0,1,0,0,0,0,4,4,5,1,0,0,0,0
1341,1308,1,1,3,1,3,,,2,8,10,5,,1,,1,3,2,2,2,2,2,4,1,5,0,1,0,0,0,0,4,4,4,1,1,0,0,1
1342,1309,1,1,5,1,1,1,,,10,10,0,3,,3,,2,2,2,1,2,1,1,1,5,1,0,0,0,0,0,4,5,5,0,0,0,0,0
1343,1310,1,1,6,2,1,1,,,9,10,1,2,,2,,3,2,2,2,2,2,2,1,5,1,0,0,0,0,0,4,5,5,0,0,0,0,0
1344,1311,1,1,3,1,3,,,2,10,9,0,,2,,2,3,2,2,2,2,2,4,1,5,1,0,0,0,0,0,4,4,4,1,0,0,0,0
1345,1312,1,1,4,1,2,,2,,6,3,6,,2,,2,3,2,2,2,2,2,2,1,5,1,0,0,0,0,0,1,1,1,1,0,0,0,0
1346,1313,1,1,4,2,2,,1,,6,0,10,1,,1,,3,2,2,2,2,2,4,1,6,1,0,0,0,0,0,1,1,4,0,0,0,0,0
1347,1314,1,1,5,2,1,1,,,9,8,6,1,,1,,3,2,2,2,2,1,2,1,5,1,0,0,0,0,0,1,4,4,0,0,0,0,0
1348,1315,1,1,3,1,1,1,,,7,7,6,,2,,3,3,2,2,2,2,2,2,1,5,1,0,0,0,0,0,4,1,1,1,0,0,0,0
1349,1316,1,1,3,1,1,1,,,8,8,4,2,,1,,3,2,2,2,2,2,4,2,5,1,0,0,0,0,0,4,4,4,0,0,0,0,0
1350,1317,1,1,3,2,1,1,,,5,7,3,,1,,1,3,2,2,2,2,2,3,1,3,0,1,0,0,0,0,1,1,4,1,0,0,0,0
1351,1318,1,1,6,1,2,,1,,9,0,10,1,,1,,3,2,2,2,2,2,3,1,5,1,0,0,0,0,0,1,1,4,0,0,0,0,0
1352,1319,1,1,4,1,1,1,,,8,7,8,,2,,1,2,2,2,2,2,2,2,1,6,1,0,0,0,0,0,5,4,1,1,0,0,0,0
1353,1320,1,1,3,1,1,1,,,8,7,10,1,,2,,3,1,1,1,1,1,3,2,6,0,1,0,0,0,0,1,4,1,0,0,0,0,0
1354,1321,1,1,5,2,2,,1,,6,7,7,1,,3,,4,2,2,2,2,2,2,2,6,1,0,0,0,0,0,4,1,4,0,0,0,0,0
1355,1322,1,1,4,2,2,,1,,9,7,10,,1,,1,3,1,1,1,1,1,3,2,6,0,1,0,0,0,0,5,4,5,1,0,0,0,0
1356,1323,1,1,5,2,2,,1,,9,5,9,,2,,2,3,2,2,2,2,2,4,1,5,1,0,0,0,0,0,4,5,4,1,0,0,0,0
1357,1324,1,1,4,1,1,1,,,5,10,5,1,,1,,3,2,2,2,2,2,4,1,6,1,0,0,0,0,0,1,4,4,0,0,0,0,0
1358,1325,1,1,3,1,1,1,,,7,8,3,1,,1,,3,2,2,2,1,1,3,2,6,1,0,0,0,0,0,1,4,1,0,0,0,0,0
1359,1326,1,1,5,2,2,,1,,8,5,8,,2,,1,2,1,1,1,1,2,3,3,5,1,0,0,0,0,0,4,5,4,1,0,0,0,0
1360,1327,1,1,3,2,2,,2,,8,5,5,2,,2,,3,2,2,2,2,2,3,1,5,0,1,0,0,0,0,1,4,4,0,0,0,0,0
1361,1328,1,1,7,1,2,,1,,8,7,9,2,,1,,3,1,1,1,1,2,2,3,5,1,0,0,0,0,0,1,4,5,0,0,0,0,0
1362,1329,1,1,3,1,2,,1,,8,8,8,,2,,1,3,1,1,1,1,1,4,3,5,1,0,0,0,0,0,4,5,4,1,0,0,0,0
1363,1330,1,1,4,1,2,,1,,9,9,9,,1,,1,3,1,1,1,1,1,1,2,6,0,1,0,0,0,0,1,4,1,1,0,0,0,0
1364,1331,1,1,3,2,2,,1,,8,8,9,,1,,3,2,1,1,1,1,1,1,5,6,0,1,0,0,0,0,5,4,5,1,0,0,0,0
1365,1332,1,1,4,1,2,,1,,7,7,10,1,,2,,2,1,1,1,1,1,1,3,5,0,1,0,0,0,0,4,5,1,0,0,0,0,0
1366,1222,1,1,2,1,1,1,,,9,10,7,2,,3,,2,2,2,2,2,2,4,1,5,1,0,0,0,0,0,4,5,5,0,1,1,0,1
1367,1333,1,1,2,1,1,1,,,9,7,8,,1,,1,3,1,1,1,1,1,2,3,5,1,0,0,0,0,0,1,4,1,1,0,0,0,0
1368,1334,1,1,6,2,1,1,,,9,8,1,,1,,1,3,2,2,2,2,2,4,1,4,1,0,0,0,0,0,5,5,5,1,0,0,0,0
1369,1335,1,1,4,2,2,,1,,6,3,10,,2,,1,3,1,1,2,2,2,2,2,5,1,0,0,0,0,0,4,1,5,1,0,0,0,0
1370,1336,1,1,3,1,2,,1,,9,9,9,,1,,1,4,2,2,2,2,2,2,4,5,1,0,0,0,0,0,4,1,1,1,0,0,0,0
1371,1337,1,1,3,1,2,,2,,7,7,4,2,,2,,3,2,2,2,2,2,2,3,5,1,0,0,0,0,0,4,1,4,0,0,0,0,0
1372,1338,1,1,6,1,2,,1,,9,9,8,,2,,2,3,2,2,2,2,2,1,1,5,1,0,0,0,0,0,4,4,4,1,0,0,0,0
1373,1339,1,1,5,1,1,1,,,8,8,5,,2,,1,3,1,1,1,1,1,2,3,5,1,0,0,0,0,0,4,5,4,1,0,0,0,0
1374,1340,1,1,3,1,1,2,,,6,4,3,2,,2,,2,2,2,2,2,2,4,1,6,0,0,0,1,0,0,4,4,4,0,0,0,0,0
1375,1341,1,1,3,1,1,2,,,3,8,4,,2,,2,3,2,2,2,2,2,4,1,5,1,0,0,0,0,0,5,5,4,1,0,0,0,0
1376,1342,1,1,3,1,2,,1,,8,2,10,1,,1,,3,2,1,2,2,2,4,5,6,0,1,0,0,0,0,4,5,4,0,0,0,0,0
1377,1343,1,1,6,2,2,,1,,9,4,10,1,,1,,3,1,2,2,1,1,1,1,6,1,0,0,0,0,0,1,4,4,0,0,0,0,0
1378,1344,1,1,4,2,3,,,3,6,4,2,,2,,2,2,2,2,2,2,2,4,4,2,1,0,0,0,0,0,4,5,5,1,0,0,0,0
1379,1345,1,1,4,2,1,1,,,8,9,7,,1,,1,3,2,2,2,2,2,3,5,6,1,0,0,0,0,0,5,5,5,1,0,0,0,0
1380,1346,1,1,3,1,3,,,2,8,9,7,,2,,1,3,1,1,1,1,1,2,3,6,1,0,0,0,0,0,4,5,4,1,0,0,0,0
1381,1347,1,1,2,1,3,,,2,7,8,4,1,,1,,4,2,2,2,2,2,4,1,3,1,0,0,0,0,0,1,1,4,0,0,0,0,0
1382,1348,1,1,3,2,2,,2,,6,5,9,,1,,1,2,2,2,2,2,2,4,1,5,0,1,0,0,0,0,1,5,4,1,0,0,0,0
1383,1349,1,1,5,2,1,1,,,10,9,0,2,,2,,3,2,2,2,2,2,4,1,2,1,0,0,0,0,0,5,4,4,0,0,0,0,0
1384,1350,1,1,5,2,2,,1,,9,10,6,1,,1,,3,1,1,1,1,1,1,1,6,0,1,0,0,0,0,4,5,4,0,0,0,0,0
1385,1351,1,1,4,1,3,,,3,7,4,10,,3,,2,2,2,2,2,2,2,4,2,4,0,1,0,0,0,0,5,4,5,1,0,0,0,0
1386,1352,1,1,4,2,1,1,,,9,10,10,1,,1,,3,2,2,2,2,2,1,1,5,1,0,0,0,0,0,4,5,5,0,0,0,0,0
1387,1353,1,1,4,1,2,,1,,8,6,7,,3,,3,3,2,2,2,2,2,2,3,5,0,1,0,0,0,0,1,5,4,1,0,0,0,0
1388,1354,1,1,3,1,3,,,2,5,6,4,2,,2,,3,2,2,2,2,2,2,1,5,1,0,0,0,0,0,4,1,4,0,0,0,0,0
1389,1355,1,1,4,1,2,,1,,7,7,9,,2,,1,2,1,1,1,1,1,1,2,5,0,1,0,0,0,0,4,4,5,1,0,0,0,0
1390,1356,1,1,3,2,1,2,,,2,9,1,3,,3,,3,2,2,2,2,2,4,1,6,0,0,0,1,0,0,5,5,5,0,0,0,0,0
1391,1357,1,1,3,1,2,,1,,10,3,10,,1,,1,4,2,2,2,2,2,4,5,5,1,0,0,0,0,0,5,5,5,1,1,0,1,0
1392,1358,1,1,4,1,2,,1,,6,7,10,,1,,2,3,1,2,2,1,1,1,4,5,0,1,0,0,0,0,4,5,4,1,0,0,0,0
1393,1359,1,1,6,1,1,1,,,7,8,6,1,,2,,3,2,2,2,2,2,1,3,5,1,0,0,0,0,0,4,5,4,0,0,0,0,0
1394,1360,1,1,4,1,2,,1,,5,5,10,1,,1,,3,2,2,2,2,2,4,1,5,1,0,0,0,0,0,1,1,1,0,0,0,0,0
1395,1361,1,1,2,1,2,,1,,8,3,9,,1,,2,3,2,2,2,1,2,2,5,5,0,1,0,0,0,0,4,1,4,1,0,0,0,0
1396,1362,1,1,5,1,2,,1,,6,4,8,1,,2,,2,2,2,2,2,2,3,1,5,1,0,0,0,0,0,1,4,1,0,0,0,0,0
1397,1363,1,1,3,1,1,1,,,9,9,7,2,,2,,2,2,2,2,2,2,1,1,5,1,0,0,0,0,0,1,1,5,0,0,0,0,0
1398,1364,1,1,3,1,1,1,,,10,10,7,,2,,2,4,2,2,2,2,2,2,3,5,1,0,0,0,0,0,5,5,5,1,1,0,0,1
1399,1365,1,1,3,1,2,,1,,8,4,8,,1,,2,2,2,2,2,2,2,2,4,5,0,1,0,0,0,0,5,5,5,1,0,0,0,0
1400,1366,1,1,6,1,2,,1,,8,4,8,3,,3,,3,1,2,2,2,2,1,1,5,1,0,0,0,0,0,5,5,5,0,0,0,0,0
1401,1367,1,1,3,1,1,1,,,9,10,0,1,,2,,4,2,2,2,2,2,4,1,5,1,0,0,0,0,0,4,4,5,0,0,0,0,0
1402,1368,1,1,6,1,2,,1,,8,8,1,,2,,2,3,1,2,2,2,2,2,2,5,1,0,0,0,0,0,1,1,1,1,0,0,0,0
1403,1369,1,1,3,1,1,1,,,9,6,3,,1,,1,3,2,1,1,1,1,2,3,6,1,0,0,0,0,0,4,5,4,1,0,0,0,0
1404,1370,1,1,5,2,1,1,,,7,7,7,1,,2,,3,2,2,2,2,1,4,1,5,1,0,0,0,0,0,4,5,1,0,0,0,0,0
1405,1371,1,1,3,1,1,2,,,8,6,0,2,,2,,3,2,2,2,2,2,4,1,5,1,0,0,0,0,0,4,4,4,0,0,0,0,0
1406,1372,1,1,4,2,1,1,,,7,8,7,1,,2,,2,2,2,2,2,2,2,1,6,0,1,0,0,0,0,5,4,1,0,0,0,0,0
1407,1373,1,1,3,1,2,,1,,8,6,7,,1,,2,3,2,2,1,1,1,1,3,6,0,1,0,0,0,0,1,1,4,1,0,0,0,0
1408,1374,1,1,4,1,3,,,1,8,1,3,,2,,2,3,2,2,2,2,2,4,1,6,0,0,0,1,0,0,1,1,4,1,0,0,0,0
1409,1375,1,1,3,1,1,1,,,10,10,10,1,,1,,2,1,1,1,1,1,4,3,5,1,0,0,0,0,0,4,5,4,0,0,0,0,0
1410,599,1,1,4,1,1,1,,,7,4,6,2,,1,,2,1,1,1,1,1,1,1,5,1,0,0,0,0,0,4,1,4,0,1,1,0,0
1411,1376,1,1,4,1,1,1,,,8,10,0,2,,2,,4,2,2,2,2,2,4,1,5,1,0,0,0,0,0,5,5,5,0,0,0,0,0
1412,1377,1,1,4,1,2,,1,,10,8,10,,1,,2,1,1,1,1,1,1,3,1,6,0,1,0,0,0,0,4,4,4,1,0,0,0,0
1413,276,1,1,3,2,2,,1,,5,6,10,1,,1,,3,2,2,2,2,2,3,1,5,1,0,0,0,0,0,1,1,1,0,1,1,0,0
1414,1378,1,1,3,2,1,1,,,9,9,2,1,,2,,3,2,2,2,2,2,1,1,5,1,0,0,0,0,0,5,4,5,0,0,0,0,0
1415,1379,1,1,4,1,1,1,,,3,5,5,1,,1,,4,2,2,2,2,2,4,1,4,1,0,0,0,0,0,1,4,4,0,0,0,0,0
1416,1380,1,1,3,2,1,1,,,6,10,0,1,,2,,3,2,2,2,1,2,2,2,5,1,0,0,0,0,0,5,5,5,0,1,0,0,1
1417,1381,1,1,3,1,1,2,,,7,3,6,,2,,1,3,1,2,1,2,1,2,4,5,1,0,0,0,0,0,1,4,1,1,1,0,0,1
1418,1382,1,1,2,1,1,1,,,8,8,8,1,,1,,1,2,2,2,2,2,1,1,5,0,0,1,0,0,0,1,4,1,0,0,0,0,0
1419,1383,1,1,5,1,1,2,,,8,9,2,,1,,2,3,2,2,2,2,2,1,2,5,1,0,0,0,0,0,5,4,5,1,0,0,0,0
1420,1384,1,1,4,2,3,,,3,5,10,10,2,,2,,3,2,2,2,2,2,4,1,3,1,0,0,0,0,0,5,5,4,0,0,0,0,0
1421,1385,1,1,3,1,2,,1,,10,7,10,,1,,1,3,2,2,2,2,2,2,3,6,0,1,0,0,0,0,4,5,4,1,0,0,0,0
1422,1386,1,1,3,2,2,,1,,9,2,10,,3,,2,4,2,2,2,2,2,3,1,5,1,0,0,0,0,0,4,5,5,1,1,0,0,1
1423,1387,1,1,3,2,1,1,,,7,9,7,,1,,2,2,1,2,2,2,1,2,2,5,1,0,0,0,0,0,5,4,1,1,0,0,0,0
1424,1388,1,1,3,2,1,1,,,9,9,3,,1,,1,3,2,2,2,2,2,2,1,5,1,0,0,0,0,0,4,5,5,1,0,0,0,0
1425,1389,1,1,3,2,2,,1,,7,3,9,1,,2,,3,2,2,1,2,1,2,3,5,1,0,0,0,0,0,1,4,5,0,1,0,0,1
1426,1390,1,1,2,1,1,2,,,7,8,1,2,,1,,3,2,1,2,2,2,4,2,5,0,0,0,1,0,0,4,4,4,0,0,0,0,0
1427,1391,1,1,5,1,3,,,2,10,6,5,,2,,2,3,2,2,2,2,2,4,1,3,0,1,0,0,0,0,4,4,4,1,0,0,0,0
1428,1288,1,1,3,1,2,,1,,8,8,10,,1,,2,3,2,2,2,2,2,3,4,5,0,1,0,0,0,0,1,1,1,1,1,1,0,0
1429,1392,1,1,2,1,3,,,3,2,2,2,1,,1,,3,2,2,2,2,2,4,1,3,1,0,0,0,0,0,1,4,5,0,0,0,0,0
1430,1393,1,1,4,1,2,,1,,9,10,10,1,,2,,3,1,1,1,1,1,4,5,6,0,1,0,0,0,0,4,5,4,0,0,0,0,0
1431,1394,1,1,3,1,1,1,,,4,9,0,,1,,2,3,2,2,2,2,2,4,2,5,1,0,0,0,0,0,4,4,5,1,1,0,0,1
1432,1395,1,1,3,1,1,1,,,8,9,1,2,,2,,3,2,2,2,2,2,4,1,5,0,1,0,0,0,0,1,4,5,0,0,0,0,0
1433,1396,1,1,4,1,2,,1,,9,7,9,1,,2,,3,2,2,2,2,2,2,3,6,0,1,0,0,0,0,4,5,4,0,0,0,0,0
1434,1397,1,1,3,1,2,,1,,9,7,9,2,,2,,3,2,2,2,2,2,1,2,5,1,0,0,0,0,0,4,5,4,0,0,0,0,0
1435,1398,1,1,4,,3,,,3,10,4,9,,2,,2,3,2,2,2,2,1,2,3,5,0,1,0,0,0,0,1,4,4,1,0,0,0,0
1436,1399,1,1,4,2,3,,,2,9,7,7,,1,,2,3,2,2,2,1,1,1,2,6,1,0,0,0,0,0,1,4,1,1,0,0,0,0
1437,1400,1,1,3,2,2,,1,,9,8,8,1,,2,,2,1,1,1,1,1,1,2,5,0,1,0,0,0,0,4,1,4,0,0,0,0,0
1438,1401,1,1,3,1,2,,2,,7,3,7,,2,,2,3,2,2,2,2,2,1,3,6,1,0,0,0,0,0,4,4,5,1,0,0,0,0
1439,1402,1,1,6,1,2,,1,,3,0,9,,2,,2,3,2,2,2,2,2,4,1,3,1,0,0,0,0,0,1,1,4,1,0,0,0,0
1440,1403,1,1,6,1,2,,1,,8,10,7,,1,,1,4,1,1,1,1,1,1,3,5,0,1,0,0,0,0,1,4,5,1,0,0,0,0
1441,1404,1,1,4,1,2,,1,,8,4,10,,1,,2,3,1,2,2,2,2,2,2,5,1,1,1,1,1,1,1,1,4,1,0,0,0,0
1442,1405,1,1,5,1,2,,1,,9,7,9,,1,,2,4,2,2,2,2,2,1,3,5,1,0,0,0,0,0,1,4,1,1,1,0,0,1
1443,1406,1,1,7,2,2,,2,,7,0,10,1,,1,,5,2,2,2,2,2,2,1,3,1,0,0,0,0,0,4,4,5,0,0,0,0,0
1444,1407,1,1,5,1,2,,2,,10,0,10,1,,1,,3,2,2,2,2,2,4,1,5,1,0,0,0,0,0,1,1,4,0,0,0,0,0
1445,1408,1,1,3,1,1,1,,,10,10,10,1,,2,,4,2,2,2,2,2,4,2,5,1,0,0,0,0,0,4,5,5,0,0,0,0,0
1446,1409,1,1,4,2,3,,,2,8,8,1,2,,2,,3,2,2,2,2,2,4,1,6,1,0,0,0,0,0,4,1,4,0,0,0,0,0
1447,903,1,1,5,1,2,,1,,9,9,8,,1,,1,3,1,2,2,2,2,2,4,6,0,1,0,0,0,0,5,4,4,1,1,1,0,0
1448,1410,1,1,3,1,1,1,,,9,10,8,2,,1,,3,2,2,1,1,2,2,3,6,0,1,0,0,0,0,4,1,4,0,0,0,0,0
1449,1242,1,1,3,2,1,1,,,6,8,10,2,,1,,2,1,1,1,1,1,4,2,6,0,1,0,0,0,0,4,1,1,0,1,1,0,0
1450,1411,1,1,3,1,2,,1,,8,2,8,,2,,1,3,2,2,2,1,1,2,4,5,1,0,0,0,0,0,1,4,1,1,0,0,0,0
1451,1412,1,1,5,2,3,,,1,5,5,5,2,,2,,3,2,2,2,2,2,4,1,4,1,0,0,1,0,0,1,1,1,0,0,0,0,0
1452,1413,1,1,4,1,2,,1,,10,5,10,1,,1,,3,2,2,2,2,2,1,1,5,0,1,0,0,0,0,1,1,1,0,0,0,0,0
1453,1414,1,1,4,1,1,2,,,6,8,0,3,,3,,4,2,2,2,2,2,2,1,5,1,0,0,0,0,0,1,4,4,0,1,0,0,1
1454,893,1,1,3,1,2,,1,,8,9,8,2,,3,,2,2,2,2,2,2,4,2,6,0,1,0,0,0,0,5,5,5,0,1,1,0,0
1455,466,1,1,6,1,2,,1,,8,6,9,,1,,1,2,2,2,2,2,2,1,1,6,0,1,0,0,0,0,1,1,1,1,1,1,0,0
1456,1415,1,1,3,1,1,1,,,7,9,8,,1,,2,3,1,2,2,1,1,2,2,5,1,0,0,0,0,0,4,1,1,1,0,0,0,0
1457,1416,1,1,7,2,1,1,,,9,9,1,,1,,1,3,2,2,2,2,2,4,1,6,1,0,0,0,0,0,1,1,5,1,0,0,0,0
1458,1417,1,1,4,1,2,,1,,7,3,6,1,,1,,3,2,2,2,2,2,4,1,6,0,0,0,1,0,0,1,1,4,0,0,0,0,0
1459,1418,1,1,3,2,1,1,,,9,9,5,,1,,1,3,2,2,2,2,2,3,1,6,1,0,0,0,0,0,4,1,4,1,1,0,0,1
1460,1419,1,1,7,2,2,,2,,10,0,6,1,,2,,3,2,2,2,2,2,1,1,3,1,0,0,0,0,0,5,5,5,0,0,0,0,0
1461,1420,1,1,4,1,1,1,,,8,8,8,,1,,2,3,2,2,2,2,2,2,3,6,0,1,0,0,0,0,4,5,5,1,1,1,0,0
1462,1421,1,1,2,2,1,1,,,8,9,8,1,,1,,3,2,2,2,2,2,2,2,4,1,0,0,0,0,0,4,1,1,0,0,0,0,0
1463,1422,1,1,3,2,1,1,,,8,10,7,1,,2,,3,2,2,2,2,2,2,3,6,0,1,0,0,0,0,5,4,5,0,0,0,0,0
1464,1423,1,1,3,1,2,,1,,8,7,8,1,,2,,3,2,1,1,1,2,2,4,5,0,1,0,0,0,0,5,4,5,0,0,0,0,0
1465,1424,1,1,5,1,2,,1,,8,3,10,,1,,1,3,2,2,2,2,2,2,4,6,1,0,0,0,0,0,1,4,4,1,0,0,0,0
1466,1425,1,1,4,2,1,1,,,9,10,5,3,,3,,3,2,2,2,2,2,1,1,5,1,0,0,0,0,0,4,5,5,0,0,0,0,0
1467,1426,1,1,7,2,2,,1,,6,0,9,2,,2,,4,2,2,2,2,2,4,1,4,1,0,0,0,0,0,1,1,1,0,0,0,0,0
1468,1427,1,1,4,2,2,,1,,9,7,10,1,,1,,3,1,2,2,1,1,1,2,6,0,1,0,0,0,0,1,5,1,0,0,0,0,0
1469,1428,1,1,3,2,1,1,,,8,9,8,1,,2,,3,1,2,2,1,1,4,3,3,1,0,0,0,0,0,4,5,1,0,0,0,0,0
1470,1429,1,1,3,2,1,1,,,9,8,2,,1,,1,2,2,2,2,2,2,4,1,5,0,1,0,0,0,0,1,1,1,1,1,0,0,1
1471,1430,1,1,2,1,1,1,,,9,7,9,,1,,1,2,1,1,1,1,1,1,1,7,0,1,0,0,0,0,4,5,4,1,0,0,0,0
1472,1420,1,1,4,1,1,1,,,9,7,9,,2,,3,3,1,2,2,2,2,2,3,6,0,1,0,0,0,0,4,5,5,1,1,1,0,0
1473,1431,1,1,4,2,1,1,,,9,10,0,,1,,1,2,2,2,2,1,1,2,5,6,0,0,1,0,0,0,4,4,5,1,0,0,0,0
1474,1432,1,1,3,2,2,,1,,8,7,9,,1,,1,3,2,2,2,2,2,2,3,5,0,1,0,0,0,0,4,5,4,1,0,0,0,0
1475,1433,1,1,4,2,1,2,,,9,6,2,,1,,1,4,2,2,2,2,2,4,1,5,0,1,0,0,0,0,1,1,1,1,0,0,0,0
1476,1434,1,1,4,2,1,1,,,8,8,6,,3,,3,3,2,2,2,2,2,1,1,5,1,0,0,0,0,0,5,5,5,1,0,0,0,0
1477,1435,1,1,3,2,1,1,,,4,10,0,1,,1,,4,2,2,2,2,2,4,1,5,1,0,0,0,0,0,4,4,4,0,0,0,0,0
1478,903,1,1,3,2,2,,1,,9,7,10,,1,,1,2,2,2,2,2,2,2,3,6,0,1,0,0,0,0,4,1,1,1,1,1,0,0
1479,1436,1,1,6,2,1,1,,,8,10,1,2,,2,,4,2,2,2,2,2,4,1,3,1,0,0,0,0,0,4,4,4,0,0,0,0,0
1480,1437,1,1,3,1,2,,1,,10,8,10,,1,,1,3,1,1,1,1,1,3,5,6,0,1,0,0,0,0,4,5,4,1,0,0,0,0
1481,1438,1,1,4,1,2,,1,,7,5,8,,2,,2,2,1,1,1,1,1,1,3,5,0,1,0,0,0,0,4,4,4,1,0,0,0,0
1482,276,1,1,5,1,1,1,,,9,9,3,2,,1,,3,2,2,2,2,2,1,3,5,0,1,0,0,0,0,4,5,4,0,1,1,0,0
1483,1439,1,1,3,1,2,,1,,8,9,8,1,,1,,3,1,1,1,1,1,2,4,5,0,1,0,0,0,0,4,5,5,0,0,0,0,0
1484,1440,1,1,4,1,2,,2,,7,0,4,1,,1,,4,2,2,2,2,2,4,1,5,1,0,0,0,0,0,1,1,4,0,0,0,0,0
1485,1441,1,1,3,1,1,1,,,8,10,7,,2,,1,2,2,2,2,1,1,2,4,2,0,1,0,0,0,0,1,5,4,1,0,0,0,0
1486,1442,1,1,4,2,2,,1,,7,3,9,,1,,2,3,2,2,2,1,1,3,2,5,1,0,0,0,0,0,1,4,5,1,0,0,0,0
1487,1443,1,1,4,2,2,,1,,9,5,5,,1,,3,2,2,2,2,2,2,2,3,6,0,1,0,0,0,0,4,4,1,1,0,0,0,0
1488,1444,1,1,5,2,1,1,,,6,8,3,1,,1,,3,2,2,2,1,1,3,1,5,1,0,0,0,0,0,1,4,4,0,0,0,0,0
1489,1445,1,1,4,2,3,,,2,8,6,5,1,,1,,3,2,2,2,2,2,4,1,4,1,0,0,1,0,0,1,1,1,0,0,0,0,0
1490,1446,1,1,4,1,3,,,2,6,7,6,1,,2,,3,2,2,2,1,2,1,1,5,1,0,0,0,0,0,5,5,4,0,0,0,0,0
1491,1447,1,1,3,1,2,,2,,7,0,4,1,,1,,3,2,2,2,2,2,4,1,4,1,0,0,0,0,0,1,1,4,0,0,0,0,0
1492,1448,1,1,3,2,2,,1,,10,6,8,,1,,2,2,1,2,2,1,1,4,2,6,0,1,0,0,0,0,1,4,4,1,0,0,0,0
1493,1449,1,1,5,2,1,1,,,10,9,3,2,,2,,4,2,2,2,2,2,4,1,5,1,0,0,1,0,0,4,1,4,0,0,0,0,0
1494,1450,1,1,4,1,2,,1,,10,2,10,,1,,2,3,2,2,2,2,2,4,4,4,1,0,0,0,0,0,5,4,5,1,0,0,0,0
1495,1451,1,1,3,2,1,1,,,6,10,5,,2,,2,3,2,2,2,2,2,3,1,5,1,1,0,0,0,0,4,5,4,1,0,0,0,0
1496,1452,1,1,4,1,1,1,,,10,9,1,,2,,2,3,2,2,2,2,2,4,1,5,1,0,0,0,0,0,1,1,4,1,0,0,0,0
1497,1453,1,1,3,1,1,1,,,4,6,2,1,,2,,2,2,2,2,2,2,4,1,2,1,0,0,0,0,0,4,1,4,0,0,0,0,0
1498,1454,1,1,4,1,1,1,,,8,8,2,,2,,1,3,2,2,2,2,2,4,1,6,0,1,0,0,0,0,1,4,4,1,0,0,0,0
1499,1455,1,1,3,1,1,2,,,4,5,1,2,,2,,4,2,2,2,2,2,4,1,2,1,0,0,0,0,0,1,1,4,0,0,0,0,0
1500,1456,1,1,3,1,2,,1,,9,10,10,1,,1,,2,2,2,2,2,2,2,1,6,0,1,0,0,0,0,4,5,4,0,0,0,0,0
1501,1457,1,1,4,2,3,,,3,0,2,0,2,,2,,3,2,2,2,2,2,4,1,2,1,0,0,0,0,0,4,4,4,0,0,0,0,0
1502,1458,1,1,4,1,1,1,,,8,8,8,,2,,1,3,2,2,2,2,2,3,2,6,1,0,0,0,0,0,4,1,1,1,0,0,0,0
1503,1459,1,1,3,1,3,,,3,6,6,2,1,,1,,3,2,2,2,2,2,4,1,4,0,0,0,1,0,0,5,5,5,0,0,0,0,0
1504,1460,1,1,3,1,1,1,,,9,8,9,1,,2,,3,2,2,2,2,2,2,2,5,1,0,0,0,0,0,4,1,4,0,1,0,1,0
1505,1461,1,1,5,1,2,,1,,7,3,8,,2,,2,3,1,2,2,2,2,4,5,5,1,0,0,0,0,0,4,1,4,1,0,0,0,0
